1,1,1,1,1,1,1,1,1,1,1,1,1,1,1,1,1,1,1,1,1,1,1,1,1,1,1,1,1,1,1,1,1,1,1,1,1,1,1,1,1,1,1,1,1,1,1,1,1,1,1,1,1,1,1,1,1,1,1,1,1,1,1,1,1,1,1,1,1,1,1,1,1,1,1,1,1,1,1,1,1,1,1,1,1,1,1,1,1,1,1,1,1,1,1,1,1,1,1,1
1.4109,1.4188,1.4259,1.4323,1.438,1.443,1.4476,1.4516,1.4551,1.4582,1.461,1.4634,1.4655,1.4673,1.4689,1.4702,1.4714,1.4724,1.4733,1.474,1.4747,1.4752,1.4756,1.476,1.4763,1.4766,1.4768,1.477,1.4771,1.4773,1.4774,1.4774,1.4775,1.4776,1.4776,1.4776,1.4777,1.4777,1.4777,1.4777,1.4778,1.4778,1.4778,1.4778,1.4778,1.4778,1.4778,1.4778,1.4778,1.4778,1.4778,1.4778,1.4778,1.4778,1.4778,1.4778,1.4778,1.4778,1.4778,1.4778,1.4778,1.4778,1.4778,1.4778,1.4778,1.4778,1.4778,1.4778,1.4778,1.4778,1.4778,1.4778,1.4778,1.4778,1.4778,1.4778,1.4778,1.4778,1.4778,1.4778,1.4778,1.4778,1.4778,1.4778,1.4778,1.4778,1.4778,1.4778,1.4778,1.4778,1.4778,1.4778,1.4778,1.4778,1.4778,1.4778,1.4778,1.4778,1.4778,1.4778
1.746,1.7605,1.7741,1.7867,1.7984,1.8093,1.8193,1.8286,1.8372,1.8451,1.8524,1.8591,1.8653,1.8709,1.8761,1.8808,1.8851,1.889,1.8925,1.8958,1.8987,1.9013,1.9037,1.9059,1.9078,1.9095,1.9111,1.9125,1.9137,1.9148,1.9158,1.9167,1.9174,1.9181,1.9187,1.9192,1.9197,1.9201,1.9205,1.9208,1.9211,1.9213,1.9215,1.9217,1.9219,1.922,1.9221,1.9222,1.9223,1.9224,1.9225,1.9225,1.9226,1.9226,1.9227,1.9227,1.9227,1.9227,1.9228,1.9228,1.9228,1.9228,1.9228,1.9228,1.9228,1.9228,1.9228,1.9228,1.9228,1.9228,1.9228,1.9229,1.9229,1.9229,1.9229,1.9229,1.9229,1.9229,1.9229,1.9229,1.9229,1.9229,1.9229,1.9229,1.9229,1.9229,1.9229,1.9229,1.9229,1.9229,1.9229,1.9229,1.9229,1.9229,1.9229,1.9229,1.9229,1.9229,1.9229,1.9229
2.0318,2.052,2.0712,2.0893,2.1063,2.1224,2.1376,2.1518,2.1652,2.1778,2.1896,2.2007,2.211,2.2207,2.2298,2.2382,2.2461,2.2534,2.2603,2.2666,2.2725,2.278,2.283,2.2877,2.292,2.296,2.2997,2.3031,2.3062,2.3091,2.3117,2.3141,2.3163,2.3184,2.3202,2.3219,2.3234,2.3248,2.3261,2.3272,2.3283,2.3292,2.3301,2.3308,2.3315,2.3322,2.3327,2.3332,2.3337,2.3341,2.3345,2.3348,2.3351,2.3353,2.3356,2.3358,2.336,2.3361,2.3363,2.3364,2.3365,2.3366,2.3367,2.3368,2.3368,2.3369,2.337,2.337,2.337,2.3371,2.3371,2.3371,2.3372,2.3372,2.3372,2.3372,2.3372,2.3372,2.3373,2.3373,2.3373,2.3373,2.3373,2.3373,2.3373,2.3373,2.3373,2.3373,2.3373,2.3373,2.3373,2.3373,2.3373,2.3373,2.3373,2.3373,2.3373,2.3373,2.3373,2.3373
2.2796,2.3048,2.3289,2.3518,2.3736,2.3943,2.4141,2.4328,2.4506,2.4675,2.4835,2.4986,2.513,2.5265,2.5394,2.5515,2.5629,2.5737,2.5839,2.5934,2.6024,2.6109,2.6189,2.6263,2.6333,2.6399,2.646,2.6518,2.6572,2.6622,2.6669,2.6712,2.6753,2.6791,2.6826,2.6859,2.6889,2.6917,2.6944,2.6968,2.699,2.7011,2.703,2.7047,2.7064,2.7079,2.7092,2.7105,2.7117,2.7127,2.7137,2.7146,2.7154,2.7161,2.7168,2.7174,2.718,2.7185,2.719,2.7194,2.7198,2.7202,2.7205,2.7208,2.721,2.7213,2.7215,2.7217,2.7218,2.722,2.7221,2.7222,2.7224,2.7225,2.7225,2.7226,2.7227,2.7228,2.7228,2.7229,2.7229,2.723,2.723,2.723,2.723,2.7231,2.7231,2.7231,2.7231,2.7231,2.7232,2.7232,2.7232,2.7232,2.7232,2.7232,2.7232,2.7232,2.7232,2.7232
2.496,2.5256,2.554,2.5811,2.6072,2.6321,2.6559,2.6787,2.7004,2.7212,2.7411,2.76,2.7781,2.7953,2.8116,2.8272,2.8421,2.8562,2.8696,2.8823,2.8944,2.9058,2.9167,2.927,2.9367,2.9459,2.9546,2.9629,2.9706,2.978,2.9849,2.9914,2.9975,3.0033,3.0087,3.0139,3.0187,3.0232,3.0274,3.0313,3.035,3.0385,3.0418,3.0448,3.0476,3.0503,3.0527,3.055,3.0572,3.0591,3.061,3.0627,3.0643,3.0658,3.0671,3.0684,3.0696,3.0707,3.0717,3.0726,3.0734,3.0742,3.0749,3.0756,3.0762,3.0768,3.0773,3.0778,3.0782,3.0786,3.079,3.0793,3.0796,3.0799,3.0801,3.0803,3.0806,3.0807,3.0809,3.0811,3.0812,3.0813,3.0815,3.0816,3.0817,3.0817,3.0818,3.0819,3.0819,3.082,3.082,3.0821,3.0821,3.0822,3.0822,3.0822,3.0822,3.0822,3.0822,3.0822
2.6864,2.7198,2.752,2.7829,2.8127,2.8413,2.8688,2.8952,2.9205,2.9449,2.9682,2.9906,3.012,3.0325,3.0522,3.071,3.089,3.1062,3.1227,3.1384,3.1534,3.1677,3.1814,3.1944,3.2068,3.2186,3.2299,3.2405,3.2507,3.2604,3.2696,3.2783,3.2866,3.2944,3.3018,3.3089,3.3155,3.3218,3.3278,3.3334,3.3388,3.3438,3.3485,3.353,3.3572,3.3612,3.3649,3.3684,3.3717,3.3749,3.3778,3.3805,3.3831,3.3855,3.3877,3.3898,3.3918,3.3936,3.3953,3.3969,3.3984,3.3998,3.4011,3.4023,3.4035,3.4045,3.4055,3.4064,3.4072,3.408,3.4087,3.4094,3.41,3.4106,3.4111,3.4116,3.412,3.4124,3.4128,3.4132,3.4135,3.4138,3.414,3.4143,3.4145,3.4147,3.4149,3.415,3.4152,3.4153,3.4155,3.4156,3.4156,3.4157,3.4158,3.4158,3.4159,3.4159,3.4159,3.4159
2.8547,2.8915,2.927,2.9613,2.9944,3.0263,3.0571,3.0867,3.1153,3.1428,3.1693,3.1948,3.2193,3.2429,3.2655,3.2873,3.3082,3.3283,3.3476,3.3661,3.3838,3.4008,3.4171,3.4327,3.4476,3.4619,3.4756,3.4887,3.5012,3.5131,3.5245,3.5354,3.5457,3.5556,3.5651,3.5741,3.5826,3.5908,3.5985,3.6059,3.6129,3.6195,3.6259,3.6319,3.6376,3.6429,3.6481,3.6529,3.6575,3.6618,3.6659,3.6698,3.6735,3.6769,3.6802,3.6833,3.6862,3.6889,3.6915,3.6939,3.6962,3.6983,3.7004,3.7023,3.704,3.7057,3.7073,3.7087,3.7101,3.7114,3.7126,3.7137,3.7147,3.7157,3.7166,3.7175,3.7182,3.719,3.7196,3.7203,3.7209,3.7214,3.7219,3.7224,3.7228,3.7232,3.7235,3.7238,3.7241,3.7244,3.7246,3.7248,3.725,3.7252,3.7253,3.7254,3.7255,3.7255,3.7256,3.7256
3.0038,3.0436,3.0822,3.1195,3.1555,3.1904,3.2241,3.2566,3.2881,3.3185,3.3478,3.3761,3.4034,3.4298,3.4551,3.4796,3.5032,3.5259,3.5478,3.5688,3.5891,3.6086,3.6273,3.6453,3.6627,3.6793,3.6952,3.7106,3.7253,3.7394,3.7529,3.7659,3.7783,3.7902,3.8015,3.8124,3.8229,3.8328,3.8423,3.8514,3.8601,3.8684,3.8763,3.8839,3.8911,3.898,3.9045,3.9107,3.9166,3.9223,3.9276,3.9327,3.9376,3.9422,3.9465,3.9507,3.9546,3.9583,3.9619,3.9652,3.9684,3.9714,3.9742,3.9769,3.9794,3.9818,3.984,3.9862,3.9882,3.9901,3.9918,3.9935,3.9951,3.9965,3.9979,3.9992,4.0004,4.0016,4.0026,4.0036,4.0045,4.0054,4.0062,4.0069,4.0076,4.0083,4.0088,4.0094,4.0098,4.0103,4.0107,4.011,4.0113,4.0116,4.0118,4.012,4.0121,4.0122,4.0123,4.0123
3.1365,3.179,3.2202,3.2601,3.2988,3.3363,3.3727,3.4078,3.4419,3.4748,3.5067,3.5376,3.5674,3.5962,3.6241,3.651,3.6771,3.7022,3.7264,3.7498,3.7724,3.7942,3.8152,3.8355,3.855,3.8738,3.8919,3.9093,3.9261,3.9422,3.9577,3.9727,3.987,4.0008,4.0141,4.0268,4.039,4.0507,4.062,4.0727,4.0831,4.093,4.1025,4.1116,4.1202,4.1286,4.1365,4.1441,4.1514,4.1584,4.165,4.1714,4.1774,4.1832,4.1887,4.194,4.199,4.2037,4.2083,4.2126,4.2167,4.2206,4.2243,4.2278,4.2312,4.2344,4.2374,4.2402,4.2429,4.2455,4.2479,4.2502,4.2524,4.2544,4.2564,4.2582,4.2599,4.2615,4.263,4.2644,4.2658,4.267,4.2682,4.2692,4.2702,4.2712,4.272,4.2728,4.2735,4.2742,4.2748,4.2753,4.2757,4.2761,4.2765,4.2768,4.277,4.2771,4.2772,4.2773
3.2546,3.2995,3.3431,3.3854,3.4265,3.4663,3.505,3.5425,3.5789,3.6142,3.6484,3.6815,3.7137,3.7448,3.7749,3.804,3.8323,3.8596,3.886,3.9116,3.9363,3.9602,3.9833,4.0056,4.0271,4.048,4.0681,4.0874,4.1062,4.1242,4.1416,4.1584,4.1746,4.1902,4.2052,4.2196,4.2335,4.2469,4.2598,4.2722,4.2841,4.2956,4.3066,4.3172,4.3273,4.3371,4.3465,4.3554,4.3641,4.3723,4.3802,4.3878,4.3951,4.402,4.4087,4.4151,4.4211,4.427,4.4325,4.4379,4.4429,4.4478,4.4524,4.4568,4.461,4.465,4.4688,4.4725,4.4759,4.4792,4.4823,4.4853,4.4881,4.4908,4.4933,4.4957,4.4979,4.5001,4.5021,4.504,4.5057,4.5074,4.509,4.5104,4.5118,4.513,4.5142,4.5153,4.5163,4.5172,4.518,4.5187,4.5193,4.5199,4.5204,4.5208,4.5211,4.5213,4.5214,4.5214
3.3599,3.4069,3.4526,3.497,3.5402,3.5822,3.623,3.6626,3.7011,3.7385,3.7748,3.81,3.8442,3.8773,3.9095,3.9407,3.9709,4.0002,4.0286,4.0562,4.0828,4.1087,4.1337,4.1579,4.1813,4.204,4.2259,4.2472,4.2677,4.2875,4.3067,4.3252,4.3431,4.3603,4.377,4.3931,4.4086,4.4236,4.4381,4.452,4.4654,4.4784,4.4908,4.5028,4.5144,4.5255,4.5363,4.5466,4.5565,4.566,4.5752,4.584,4.5924,4.6005,4.6083,4.6158,4.623,4.6298,4.6364,4.6428,4.6488,4.6546,4.6601,4.6655,4.6705,4.6754,4.68,4.6844,4.6887,4.6927,4.6965,4.7002,4.7037,4.707,4.7101,4.7131,4.7159,4.7186,4.7211,4.7235,4.7258,4.7279,4.7299,4.7318,4.7335,4.7351,4.7366,4.738,4.7393,4.7405,4.7415,4.7424,4.7433,4.744,4.7446,4.7451,4.7455,4.7458,4.746,4.746
3.4536,3.5025,3.5501,3.5964,3.6415,3.6854,3.728,3.7696,3.8099,3.8492,3.8873,3.9244,3.9604,3.9955,4.0295,4.0625,4.0946,4.1257,4.1559,4.1852,4.2137,4.2413,4.2681,4.294,4.3192,4.3436,4.3672,4.3901,4.4123,4.4338,4.4545,4.4747,4.4942,4.513,4.5312,4.5489,4.5659,4.5824,4.5983,4.6137,4.6286,4.6429,4.6568,4.6702,4.6831,4.6955,4.7075,4.7191,4.7303,4.7411,4.7514,4.7614,4.771,4.7803,4.7892,4.7977,4.806,4.8139,4.8215,4.8288,4.8358,4.8426,4.849,4.8553,4.8612,4.8669,4.8724,4.8776,4.8826,4.8874,4.8919,4.8963,4.9005,4.9044,4.9082,4.9118,4.9152,4.9185,4.9215,4.9244,4.9272,4.9298,4.9322,4.9345,4.9366,4.9386,4.9405,4.9422,4.9438,4.9452,4.9465,4.9477,4.9487,4.9496,4.9504,4.951,4.9515,4.9519,4.9521,4.9522
3.5375,3.5881,3.6374,3.6855,3.7323,3.7779,3.8222,3.8654,3.9075,3.9484,3.9883,4.0271,4.0648,4.1015,4.1371,4.1718,4.2055,4.2383,4.2702,4.3011,4.3312,4.3604,4.3888,4.4164,4.4431,4.4691,4.4942,4.5187,4.5424,4.5654,4.5877,4.6093,4.6303,4.6506,4.6702,4.6893,4.7078,4.7256,4.7429,4.7597,4.7759,4.7915,4.8067,4.8214,4.8355,4.8492,4.8625,4.8753,4.8876,4.8995,4.9111,4.9222,4.9329,4.9432,4.9532,4.9628,4.972,4.981,4.9896,4.9978,5.0058,5.0134,5.0208,5.0279,5.0347,5.0412,5.0475,5.0535,5.0592,5.0647,5.07,5.0751,5.0799,5.0845,5.0889,5.0931,5.0971,5.1009,5.1046,5.108,5.1112,5.1143,5.1172,5.1199,5.1224,5.1248,5.127,5.129,5.1309,5.1326,5.1342,5.1356,5.1368,5.1379,5.1388,5.1396,5.1402,5.1406,5.1409,5.1409
3.6125,3.6646,3.7155,3.765,3.8133,3.8604,3.9063,3.9511,3.9947,4.0371,4.0785,4.1188,4.158,4.1962,4.2334,4.2696,4.3048,4.3391,4.3724,4.4049,4.4364,4.4671,4.4969,4.5259,4.5541,4.5815,4.6081,4.634,4.6591,4.6835,4.7072,4.7302,4.7525,4.7741,4.7951,4.8155,4.8353,4.8544,4.873,4.891,4.9085,4.9254,4.9418,4.9576,4.973,4.9879,5.0023,5.0162,5.0297,5.0427,5.0553,5.0675,5.0792,5.0906,5.1016,5.1122,5.1224,5.1323,5.1418,5.151,5.1599,5.1684,5.1766,5.1845,5.1922,5.1995,5.2065,5.2133,5.2198,5.2261,5.232,5.2378,5.2433,5.2485,5.2536,5.2583,5.2629,5.2673,5.2714,5.2754,5.2791,5.2826,5.2859,5.2891,5.292,5.2948,5.2973,5.2997,5.3019,5.3039,5.3057,5.3073,5.3088,5.31,5.3111,5.312,5.3127,5.3132,5.3135,5.3136
3.6798,3.7332,3.7854,3.8364,3.886,3.9345,3.9818,4.0279,4.0728,4.1167,4.1594,4.2011,4.2417,4.2812,4.3198,4.3573,4.3939,4.4295,4.4642,4.498,4.5309,4.5629,4.5941,4.6244,4.6539,4.6826,4.7105,4.7377,4.7641,4.7897,4.8147,4.8389,4.8625,4.8854,4.9076,4.9292,4.9502,4.9705,4.9903,5.0095,5.0281,5.0461,5.0636,5.0806,5.0971,5.1131,5.1285,5.1435,5.158,5.1721,5.1857,5.1989,5.2116,5.224,5.2359,5.2475,5.2586,5.2694,5.2798,5.2899,5.2996,5.309,5.318,5.3267,5.3351,5.3432,5.351,5.3585,5.3657,5.3727,5.3793,5.3857,5.3919,5.3977,5.4033,5.4087,5.4139,5.4187,5.4234,5.4278,5.432,5.436,5.4398,5.4433,5.4466,5.4498,5.4527,5.4554,5.4578,5.4601,5.4622,5.464,5.4657,5.4671,5.4683,5.4693,5.4701,5.4707,5.471,5.4711
3.7403,3.795,3.8484,3.9006,3.9515,4.0012,4.0497,4.097,4.1432,4.1883,4.2323,4.2752,4.317,4.3578,4.3976,4.4363,4.4742,4.511,4.5469,4.5819,4.616,4.6493,4.6816,4.7131,4.7438,4.7737,4.8028,4.8312,4.8587,4.8855,4.9116,4.937,4.9617,4.9858,5.0091,5.0318,5.0539,5.0753,5.0962,5.1164,5.1361,5.1552,5.1738,5.1918,5.2093,5.2262,5.2427,5.2587,5.2742,5.2892,5.3037,5.3178,5.3315,5.3448,5.3576,5.37,5.382,5.3937,5.4049,5.4158,5.4263,5.4365,5.4463,5.4557,5.4649,5.4737,5.4822,5.4904,5.4983,5.5059,5.5132,5.5202,5.5269,5.5334,5.5395,5.5455,5.5511,5.5565,5.5617,5.5666,5.5712,5.5756,5.5798,5.5837,5.5874,5.5909,5.5941,5.5971,5.5999,5.6024,5.6047,5.6068,5.6086,5.6102,5.6116,5.6127,5.6136,5.6142,5.6146,5.6147
3.7944,3.8502,3.9047,3.958,4.01,4.0608,4.1104,4.1588,4.2061,4.2523,4.2974,4.3414,4.3844,4.4263,4.4671,4.507,4.546,4.5839,4.6209,4.657,4.6923,4.7266,4.76,4.7926,4.8244,4.8554,4.8856,4.915,4.9436,4.9715,4.9986,5.0251,5.0508,5.0759,5.1003,5.124,5.1471,5.1695,5.1914,5.2126,5.2333,5.2534,5.2729,5.2919,5.3103,5.3282,5.3456,5.3625,5.3788,5.3948,5.4102,5.4252,5.4397,5.4538,5.4674,5.4807,5.4935,5.5059,5.518,5.5296,5.5409,5.5518,5.5623,5.5725,5.5823,5.5918,5.601,5.6098,5.6184,5.6266,5.6345,5.6421,5.6494,5.6564,5.6631,5.6696,5.6757,5.6816,5.6872,5.6926,5.6977,5.7025,5.7071,5.7114,5.7154,5.7192,5.7228,5.7261,5.7291,5.7319,5.7344,5.7367,5.7387,5.7405,5.7419,5.7432,5.7442,5.7448,5.7453,5.7454
3.8432,3.9,3.9555,4.0098,4.0628,4.1146,4.1652,4.2147,4.263,4.3102,4.3562,4.4013,4.4452,4.4881,4.53,4.5709,4.6108,4.6498,4.6878,4.7249,4.7611,4.7964,4.8309,4.8645,4.8973,4.9292,4.9604,4.9907,5.0203,5.0492,5.0773,5.1047,5.1314,5.1574,5.1827,5.2074,5.2314,5.2548,5.2775,5.2997,5.3212,5.3422,5.3626,5.3824,5.4017,5.4205,5.4387,5.4564,5.4736,5.4904,5.5066,5.5224,5.5377,5.5526,5.567,5.581,5.5946,5.6077,5.6205,5.6328,5.6448,5.6564,5.6676,5.6784,5.6889,5.699,5.7088,5.7183,5.7274,5.7362,5.7446,5.7528,5.7606,5.7681,5.7754,5.7823,5.7889,5.7953,5.8013,5.8071,5.8126,5.8178,5.8227,5.8274,5.8318,5.8359,5.8397,5.8433,5.8466,5.8496,5.8523,5.8548,5.857,5.8589,5.8605,5.8619,5.8629,5.8637,5.8641,5.8643
3.8869,3.9445,4.0009,4.0561,4.11,4.1627,4.2142,4.2645,4.3137,4.3618,4.4088,4.4547,4.4996,4.5434,4.5862,4.628,4.6688,4.7087,4.7476,4.7856,4.8227,4.859,4.8943,4.9288,4.9625,4.9953,5.0273,5.0586,5.0891,5.1188,5.1478,5.1761,5.2036,5.2305,5.2567,5.2822,5.307,5.3313,5.3548,5.3778,5.4002,5.422,5.4432,5.4638,5.4839,5.5035,5.5225,5.541,5.5589,5.5764,5.5934,5.6099,5.626,5.6416,5.6567,5.6714,5.6857,5.6995,5.7129,5.7259,5.7385,5.7508,5.7626,5.7741,5.7851,5.7959,5.8062,5.8162,5.8259,5.8352,5.8442,5.8529,5.8612,5.8692,5.8769,5.8843,5.8914,5.8982,5.9046,5.9108,5.9167,5.9223,5.9275,5.9325,5.9372,5.9416,5.9457,5.9496,5.9531,5.9563,5.9593,5.9619,5.9643,5.9663,5.9681,5.9695,5.9707,5.9715,5.972,5.9721
3.9261,3.9846,4.0418,4.0977,4.1524,4.2059,4.2583,4.3094,4.3594,4.4083,4.4561,4.5029,4.5485,4.5932,4.6368,4.6794,4.7211,4.7617,4.8015,4.8403,4.8782,4.9153,4.9514,4.9867,5.0212,5.0549,5.0877,5.1198,5.151,5.1816,5.2114,5.2404,5.2688,5.2964,5.3234,5.3497,5.3753,5.4003,5.4246,5.4483,5.4715,5.494,5.516,5.5373,5.5581,5.5784,5.5981,5.6173,5.636,5.6542,5.6719,5.6891,5.7058,5.722,5.7378,5.7532,5.7681,5.7825,5.7966,5.8102,5.8234,5.8362,5.8486,5.8606,5.8723,5.8836,5.8945,5.905,5.9152,5.925,5.9345,5.9436,5.9524,5.9609,5.969,5.9768,5.9843,5.9915,5.9983,6.0049,6.0111,6.017,6.0226,6.0279,6.0329,6.0376,6.0419,6.046,6.0497,6.0532,6.0563,6.0592,6.0617,6.0638,6.0657,6.0672,6.0684,6.0693,6.0698,6.07
3.9614,4.0206,4.0785,4.1352,4.1906,4.2448,4.2979,4.3498,4.4005,4.4501,4.4987,4.5461,4.5926,4.6379,4.6823,4.7256,4.768,4.8094,4.8499,4.8895,4.9281,4.9659,5.0028,5.0388,5.0741,5.1084,5.142,5.1748,5.2068,5.2381,5.2686,5.2983,5.3274,5.3558,5.3834,5.4104,5.4368,5.4624,5.4875,5.5119,5.5357,5.5589,5.5816,5.6036,5.6251,5.646,5.6664,5.6862,5.7056,5.7244,5.7427,5.7605,5.7778,5.7947,5.8111,5.827,5.8425,5.8575,5.8721,5.8863,5.9001,5.9134,5.9264,5.9389,5.9511,5.9628,5.9742,5.9852,5.9959,6.0062,6.0161,6.0257,6.0349,6.0438,6.0523,6.0605,6.0684,6.0759,6.0831,6.09,6.0966,6.1028,6.1087,6.1143,6.1195,6.1245,6.1291,6.1334,6.1373,6.141,6.1443,6.1472,6.1499,6.1522,6.1542,6.1558,6.1571,6.158,6.1585,6.1587
3.993,4.0528,4.1114,4.1687,4.2248,4.2796,4.3333,4.3859,4.4373,4.4876,4.5368,4.5849,4.632,4.678,4.723,4.7671,4.8101,4.8522,4.8933,4.9336,4.9729,5.0113,5.0489,5.0856,5.1214,5.1565,5.1907,5.2242,5.2568,5.2888,5.3199,5.3503,5.3801,5.4091,5.4374,5.465,5.492,5.5183,5.544,5.569,5.5935,5.6173,5.6405,5.6632,5.6853,5.7068,5.7278,5.7482,5.7681,5.7875,5.8064,5.8248,5.8427,5.8601,5.877,5.8935,5.9095,5.9251,5.9402,5.9549,5.9692,5.983,5.9964,6.0095,6.0221,6.0343,6.0462,6.0577,6.0687,6.0795,6.0898,6.0998,6.1094,6.1187,6.1276,6.1361,6.1444,6.1522,6.1598,6.1669,6.1738,6.1803,6.1865,6.1923,6.1978,6.203,6.2078,6.2123,6.2165,6.2203,6.2238,6.2269,6.2297,6.2321,6.2342,6.2359,6.2372,6.2382,6.2388,6.239
4.0214,4.0818,4.1409,4.1988,4.2555,4.311,4.3652,4.4184,4.4704,4.5212,4.571,4.6198,4.6674,4.7141,4.7597,4.8043,4.8479,4.8906,4.9324,4.9732,5.0131,5.0522,5.0903,5.1276,5.1641,5.1997,5.2346,5.2686,5.3019,5.3344,5.3662,5.3972,5.4275,5.4571,5.486,5.5142,5.5417,5.5686,5.5949,5.6205,5.6455,5.6699,5.6937,5.7169,5.7395,5.7616,5.7831,5.8041,5.8246,5.8445,5.8639,5.8828,5.9012,5.9191,5.9366,5.9535,5.97,5.9861,6.0017,6.0168,6.0316,6.0459,6.0598,6.0732,6.0863,6.099,6.1112,6.1231,6.1346,6.1457,6.1564,6.1668,6.1767,6.1864,6.1956,6.2045,6.213,6.2212,6.2291,6.2365,6.2437,6.2504,6.2569,6.263,6.2687,6.2741,6.2791,6.2838,6.2881,6.2921,6.2957,6.299,6.3019,6.3044,6.3066,6.3084,6.3098,6.3108,6.3114,6.3116
4.0466,4.1075,4.1672,4.2256,4.2828,4.3387,4.3935,4.4472,4.4997,4.5511,4.6014,4.6507,4.6989,4.7461,4.7922,4.8374,4.8816,4.9248,4.9671,5.0084,5.0489,5.0885,5.1272,5.165,5.202,5.2382,5.2736,5.3082,5.342,5.375,5.4073,5.4388,5.4697,5.4998,5.5292,5.5579,5.586,5.6134,5.6402,5.6663,5.6919,5.7168,5.7411,5.7648,5.7879,5.8105,5.8325,5.854,5.8749,5.8953,5.9152,5.9346,5.9534,5.9718,5.9897,6.0072,6.0241,6.0406,6.0566,6.0722,6.0874,6.1021,6.1164,6.1303,6.1437,6.1568,6.1694,6.1817,6.1935,6.205,6.2161,6.2268,6.2371,6.247,6.2566,6.2658,6.2746,6.2831,6.2912,6.2989,6.3063,6.3134,6.32,6.3263,6.3323,6.3379,6.3431,6.348,6.3525,6.3566,6.3603,6.3637,6.3667,6.3694,6.3716,6.3734,6.3749,6.3759,6.3766,6.3768
4.0692,4.1306,4.1907,4.2496,4.3072,4.3637,4.4189,4.4731,4.5261,4.5779,4.6287,4.6785,4.7271,4.7748,4.8214,4.8671,4.9117,4.9554,4.9982,5.04,5.081,5.121,5.1602,5.1986,5.2361,5.2727,5.3086,5.3436,5.3779,5.4114,5.4442,5.4762,5.5076,5.5382,5.5681,5.5973,5.6258,5.6537,5.681,5.7076,5.7335,5.7589,5.7837,5.8078,5.8314,5.8545,5.8769,5.8988,5.9202,5.941,5.9614,5.9812,6.0005,6.0193,6.0376,6.0554,6.0728,6.0897,6.1061,6.1221,6.1376,6.1527,6.1674,6.1816,6.1955,6.2089,6.2219,6.2344,6.2466,6.2584,6.2698,6.2808,6.2915,6.3017,6.3115,6.321,6.3301,6.3389,6.3472,6.3552,6.3628,6.3701,6.377,6.3835,6.3896,6.3954,6.4008,6.4058,6.4105,6.4147,6.4186,6.4221,6.4252,6.4279,6.4303,6.4322,6.4337,6.4347,6.4354,6.4356
4.0896,4.1514,4.2119,4.2712,4.3293,4.3861,4.4418,4.4964,4.5498,4.6021,4.6533,4.7035,4.7526,4.8007,4.8478,4.8938,4.9389,4.9831,5.0263,5.0686,5.11,5.1505,5.1901,5.2288,5.2668,5.3039,5.3402,5.3757,5.4104,5.4444,5.4776,5.51,5.5418,5.5728,5.6031,5.6328,5.6618,5.6901,5.7177,5.7448,5.7712,5.797,5.8221,5.8467,5.8707,5.8942,5.917,5.9393,5.9611,5.9824,6.0031,6.0233,6.0429,6.0621,6.0808,6.099,6.1168,6.134,6.1508,6.1672,6.183,6.1985,6.2135,6.2281,6.2422,6.2559,6.2693,6.2822,6.2946,6.3067,6.3184,6.3297,6.3406,6.3511,6.3612,6.371,6.3803,6.3893,6.3979,6.4061,6.4139,6.4214,6.4285,6.4352,6.4415,6.4474,6.453,6.4581,6.4629,6.4673,6.4713,6.4749,6.4781,6.4809,6.4833,6.4853,6.4868,6.4879,6.4886,6.4888
4.1079,4.1701,4.231,4.2906,4.3491,4.4063,4.4624,4.5173,4.5711,4.6238,4.6754,4.726,4.7755,4.8239,4.8714,4.9179,4.9634,5.0079,5.0515,5.0942,5.136,5.1768,5.2169,5.256,5.2943,5.3318,5.3685,5.4044,5.4396,5.4739,5.5075,5.5404,5.5725,5.6039,5.6346,5.6647,5.694,5.7227,5.7508,5.7782,5.805,5.8311,5.8567,5.8817,5.906,5.9298,5.9531,5.9758,5.9979,6.0195,6.0406,6.0611,6.0811,6.1007,6.1197,6.1382,6.1563,6.1739,6.191,6.2077,6.2239,6.2396,6.255,6.2698,6.2843,6.2983,6.3119,6.3251,6.3378,6.3502,6.3621,6.3737,6.3848,6.3956,6.406,6.4159,6.4255,6.4347,6.4435,6.4519,6.4599,6.4676,6.4748,6.4817,6.4882,6.4943,6.5,6.5053,6.5102,6.5147,6.5188,6.5225,6.5258,6.5286,6.5311,6.5331,6.5347,6.5358,6.5365,6.5367
4.1241,4.1866,4.2478,4.3078,4.3666,4.4242,4.4806,4.5358,4.59,4.643,4.695,4.7459,4.7957,4.8445,4.8923,4.9391,4.985,5.0299,5.0738,5.1168,5.159,5.2002,5.2406,5.2801,5.3188,5.3566,5.3937,5.4299,5.4654,5.5001,5.534,5.5672,5.5997,5.6315,5.6626,5.693,5.7227,5.7517,5.7801,5.8079,5.835,5.8615,5.8874,5.9127,5.9374,5.9615,5.9851,6.0081,6.0306,6.0525,6.0739,6.0947,6.1151,6.1349,6.1543,6.1731,6.1915,6.2094,6.2268,6.2437,6.2602,6.2763,6.2919,6.307,6.3217,6.336,6.3499,6.3633,6.3763,6.3889,6.4011,6.4129,6.4243,6.4352,6.4458,6.456,6.4658,6.4752,6.4841,6.4927,6.5009,6.5088,6.5162,6.5232,6.5298,6.536,6.5419,6.5473,6.5523,6.5569,6.5611,6.5649,6.5683,6.5712,6.5737,6.5758,6.5774,6.5786,6.5793,6.5795
4.1387,4.2014,4.263,4.3233,4.3823,4.4402,4.4969,4.5525,4.607,4.6603,4.7126,4.7637,4.8139,4.863,4.9111,4.9583,5.0044,5.0496,5.0939,5.1372,5.1797,5.2212,5.2619,5.3018,5.3407,5.3789,5.4163,5.4528,5.4886,5.5236,5.5579,5.5914,5.6242,5.6563,5.6877,5.7184,5.7484,5.7778,5.8065,5.8345,5.862,5.8888,5.915,5.9406,5.9656,5.99,6.0139,6.0372,6.06,6.0822,6.1038,6.125,6.1456,6.1657,6.1854,6.2045,6.2231,6.2413,6.259,6.2762,6.2929,6.3092,6.3251,6.3405,6.3554,6.37,6.3841,6.3977,6.411,6.4238,6.4362,6.4482,6.4598,6.4709,6.4817,6.4921,6.502,6.5116,6.5208,6.5295,6.5379,6.5458,6.5534,6.5606,6.5673,6.5737,6.5796,6.5852,6.5903,6.595,6.5993,6.6031,6.6066,6.6096,6.6121,6.6142,6.6159,6.6171,6.6178,6.618
4.1519,4.2149,4.2767,4.3373,4.3966,4.4548,4.5118,4.5676,4.6223,4.676,4.7285,4.78,4.8304,4.8798,4.9282,4.9756,5.0221,5.0676,5.1121,5.1557,5.1985,5.2403,5.2813,5.3214,5.3607,5.3991,5.4368,5.4736,5.5097,5.545,5.5796,5.6134,5.6465,5.6788,5.7105,5.7415,5.7718,5.8014,5.8304,5.8587,5.8864,5.9135,5.94,5.9659,5.9912,6.0159,6.04,6.0636,6.0866,6.1091,6.131,6.1524,6.1733,6.1937,6.2135,6.2329,6.2518,6.2702,6.2881,6.3056,6.3226,6.3391,6.3552,6.3708,6.386,6.4007,6.415,6.4289,6.4423,6.4553,6.4679,6.4801,6.4919,6.5032,6.5142,6.5247,6.5349,6.5446,6.5539,6.5628,6.5713,6.5794,6.5871,6.5944,6.6013,6.6077,6.6138,6.6194,6.6246,6.6294,6.6338,6.6377,6.6412,6.6443,6.6469,6.649,6.6507,6.6519,6.6526,6.6529
4.1636,4.2269,4.2889,4.3497,4.4093,4.4677,4.5249,4.581,4.636,4.6899,4.7427,4.7944,4.8451,4.8947,4.9434,4.991,5.0377,5.0835,5.1283,5.1721,5.2151,5.2572,5.2985,5.3388,5.3784,5.4171,5.455,5.4921,5.5284,5.564,5.5988,5.6328,5.6662,5.6988,5.7307,5.762,5.7925,5.8224,5.8516,5.8802,5.9082,5.9355,5.9622,5.9884,6.0139,6.0388,6.0632,6.087,6.1103,6.133,6.1551,6.1768,6.1979,6.2185,6.2386,6.2582,6.2773,6.2959,6.314,6.3317,6.3489,6.3656,6.3819,6.3977,6.4131,6.428,6.4425,6.4566,6.4702,6.4834,6.4962,6.5086,6.5205,6.532,6.5431,6.5538,6.5641,6.5739,6.5834,6.5924,6.6011,6.6093,6.6171,6.6245,6.6315,6.638,6.6442,6.6499,6.6552,6.6601,6.6645,6.6685,6.6721,6.6752,6.6778,6.68,6.6817,6.6829,6.6837,6.6839
4.174,4.2375,4.2997,4.3607,4.4205,4.4791,4.5366,4.5929,4.6481,4.7022,4.7552,4.8071,4.858,4.9079,4.9568,5.0047,5.0516,5.0976,5.1426,5.1867,5.2299,5.2722,5.3137,5.3543,5.394,5.433,5.4711,5.5084,5.545,5.5808,5.6158,5.6501,5.6837,5.7165,5.7487,5.7801,5.8109,5.841,5.8705,5.8993,5.9275,5.955,5.982,6.0083,6.034,6.0592,6.0838,6.1078,6.1313,6.1542,6.1766,6.1984,6.2197,6.2406,6.2609,6.2806,6.2999,6.3188,6.3371,6.3549,6.3723,6.3892,6.4057,6.4217,6.4373,6.4524,6.467,6.4812,6.495,6.5084,6.5213,6.5338,6.5459,6.5576,6.5688,6.5797,6.5901,6.6001,6.6096,6.6188,6.6276,6.6359,6.6438,6.6513,6.6584,6.665,6.6713,6.6771,6.6824,6.6874,6.6919,6.6959,6.6995,6.7027,6.7054,6.7076,6.7093,6.7106,6.7113,6.7116
4.1833,4.247,4.3094,4.3706,4.4306,4.4894,4.5471,4.6036,4.659,4.7133,4.7665,4.8186,4.8697,4.9198,4.9689,5.0169,5.0641,5.1102,5.1555,5.1998,5.2432,5.2857,5.3274,5.3682,5.4081,5.4473,5.4856,5.5232,5.5599,5.5959,5.6311,5.6656,5.6994,5.7325,5.7648,5.7965,5.8274,5.8578,5.8874,5.9164,5.9448,5.9726,5.9997,6.0262,6.0522,6.0775,6.1023,6.1265,6.1502,6.1733,6.1958,6.2179,6.2394,6.2604,6.2809,6.3008,6.3203,6.3393,6.3578,6.3758,6.3934,6.4104,6.4271,6.4432,6.4589,6.4742,6.489,6.5034,6.5173,6.5308,6.5439,6.5566,6.5688,6.5806,6.5919,6.6029,6.6134,6.6235,6.6332,6.6425,6.6514,6.6598,6.6678,6.6754,6.6826,6.6893,6.6956,6.7015,6.7069,6.7119,6.7165,6.7206,6.7242,6.7274,6.7301,6.7324,6.7341,6.7354,6.7361,6.7364
4.1918,4.2556,4.3182,4.3796,4.4398,4.4988,4.5566,4.6133,4.6688,4.7233,4.7767,4.829,4.8803,4.9305,4.9798,5.0281,5.0754,5.1217,5.1671,5.2116,5.2552,5.2979,5.3398,5.3808,5.4209,5.4602,5.4987,5.5365,5.5734,5.6096,5.645,5.6797,5.7136,5.7469,5.7794,5.8112,5.8424,5.8729,5.9027,5.9319,5.9605,5.9884,6.0157,6.0424,6.0686,6.0941,6.119,6.1434,6.1673,6.1905,6.2133,6.2355,6.2571,6.2783,6.2989,6.3191,6.3387,6.3579,6.3765,6.3947,6.4124,6.4296,6.4464,6.4627,6.4785,6.4939,6.5089,6.5234,6.5375,6.5511,6.5643,6.5771,6.5894,6.6013,6.6128,6.6239,6.6345,6.6447,6.6545,6.6639,6.6728,6.6814,6.6895,6.6971,6.7044,6.7112,6.7176,6.7235,6.729,6.7341,6.7387,6.7428,6.7465,6.7497,6.7525,6.7547,6.7565,6.7578,6.7586,6.7588
4.1991,4.2631,4.3259,4.3874,4.4477,4.5069,4.5648,4.6217,4.6774,4.732,4.7855,4.838,4.8895,4.9399,4.9893,5.0377,5.0852,5.1317,5.1773,5.2219,5.2657,5.3085,5.3505,5.3917,5.432,5.4715,5.5102,5.5481,5.5852,5.6215,5.6571,5.6919,5.726,5.7594,5.7921,5.8241,5.8554,5.8861,5.9161,5.9454,5.9741,6.0022,6.0297,6.0566,6.0828,6.1085,6.1336,6.1582,6.1822,6.2056,6.2285,6.2508,6.2726,6.2939,6.3147,6.335,6.3548,6.374,6.3928,6.4112,6.429,6.4464,6.4632,6.4797,6.4957,6.5112,6.5263,6.5409,6.5551,6.5688,6.5821,6.595,6.6075,6.6195,6.6311,6.6422,6.653,6.6633,6.6732,6.6826,6.6916,6.7002,6.7084,6.7162,6.7235,6.7303,6.7368,6.7428,6.7483,6.7534,6.7581,6.7623,6.766,6.7692,6.772,6.7743,6.7761,6.7774,6.7782,6.7784
4.2057,4.2698,4.3327,4.3943,4.4548,4.5141,4.5722,4.6291,4.685,4.7398,4.7934,4.8461,4.8976,4.9482,4.9977,5.0463,5.0939,5.1406,5.1863,5.2311,5.275,5.318,5.3601,5.4014,5.4419,5.4815,5.5203,5.5584,5.5956,5.6321,5.6678,5.7028,5.737,5.7706,5.8034,5.8356,5.867,5.8978,5.928,5.9574,5.9863,6.0145,6.0421,6.0691,6.0956,6.1214,6.1466,6.1713,6.1954,6.219,6.242,6.2645,6.2864,6.3078,6.3287,6.3491,6.369,6.3885,6.4074,6.4258,6.4438,6.4612,6.4783,6.4948,6.5109,6.5265,6.5417,6.5564,6.5707,6.5846,6.598,6.611,6.6235,6.6356,6.6473,6.6586,6.6694,6.6798,6.6897,6.6993,6.7084,6.717,6.7253,6.7331,6.7405,6.7474,6.7539,6.7599,6.7655,6.7707,6.7754,6.7796,6.7833,6.7866,6.7894,6.7917,6.7935,6.7948,6.7956,6.7959
4.2115,4.2757,4.3387,4.4005,4.4611,4.5205,4.5787,4.6358,4.6918,4.7467,4.8005,4.8532,4.9049,4.9556,5.0053,5.054,5.1017,5.1485,5.1943,5.2392,5.2833,5.3264,5.3687,5.4101,5.4507,5.4904,5.5294,5.5676,5.6049,5.6415,5.6774,5.7125,5.7469,5.7806,5.8135,5.8458,5.8774,5.9083,5.9386,5.9682,5.9972,6.0255,6.0532,6.0804,6.1069,6.1328,6.1582,6.183,6.2072,6.2309,6.254,6.2766,6.2987,6.3202,6.3413,6.3618,6.3818,6.4013,6.4203,6.4389,6.4569,6.4745,6.4917,6.5083,6.5245,6.5402,6.5555,6.5703,6.5847,6.5987,6.6122,6.6252,6.6379,6.6501,6.6618,6.6731,6.684,6.6945,6.7045,6.7141,6.7233,6.732,6.7403,6.7482,6.7556,6.7626,6.7692,6.7752,6.7809,6.7861,6.7908,6.7951,6.7988,6.8021,6.805,6.8073,6.8091,6.8104,6.8112,6.8115
4.2167,4.281,4.3441,4.406,4.4667,4.5262,4.5846,4.6418,4.6978,4.7528,4.8067,4.8596,4.9114,4.9622,5.012,5.0608,5.1086,5.1555,5.2015,5.2465,5.2907,5.3339,5.3763,5.4178,5.4585,5.4984,5.5375,5.5757,5.6132,5.6499,5.6859,5.7211,5.7556,5.7894,5.8225,5.8549,5.8866,5.9176,5.948,5.9777,6.0068,6.0353,6.0631,6.0904,6.117,6.143,6.1685,6.1934,6.2178,6.2415,6.2648,6.2875,6.3097,6.3313,6.3524,6.373,6.3932,6.4128,6.4319,6.4505,6.4687,6.4864,6.5036,6.5203,6.5366,6.5524,6.5678,6.5827,6.5972,6.6112,6.6248,6.6379,6.6506,6.6629,6.6747,6.6861,6.6971,6.7076,6.7177,6.7274,6.7366,6.7454,6.7537,6.7617,6.7691,6.7762,6.7827,6.7889,6.7946,6.7998,6.8045,6.8088,6.8126,6.816,6.8188,6.8211,6.823,6.8243,6.8251,6.8254
4.2212,4.2856,4.3488,4.4108,4.4716,4.5312,4.5896,4.6469,4.7031,4.7582,4.8122,4.8651,4.917,4.9679,5.0178,5.0667,5.1146,5.1616,5.2077,5.2528,5.297,5.3404,5.3829,5.4245,5.4653,5.5053,5.5444,5.5828,5.6204,5.6572,5.6933,5.7286,5.7632,5.7971,5.8303,5.8627,5.8945,5.9257,5.9562,5.986,6.0152,6.0437,6.0717,6.099,6.1257,6.1519,6.1774,6.2024,6.2269,6.2508,6.2741,6.2969,6.3191,6.3409,6.3621,6.3828,6.403,6.4227,6.4419,6.4606,6.4789,6.4966,6.5139,6.5307,6.5471,6.563,6.5784,6.5934,6.608,6.6221,6.6357,6.6489,6.6617,6.674,6.6859,6.6974,6.7084,6.719,6.7291,6.7388,6.7481,6.757,6.7654,6.7733,6.7808,6.7879,6.7945,6.8007,6.8064,6.8117,6.8165,6.8208,6.8246,6.8279,6.8308,6.8332,6.835,6.8363,6.8371,6.8374
4.2251,4.2896,4.3529,4.415,4.4758,4.5355,4.594,4.6514,4.7077,4.7628,4.8169,4.87,4.9219,4.9729,5.0229,5.0719,5.1199,5.167,5.2131,5.2583,5.3027,5.3461,5.3887,5.4304,5.4713,5.5113,5.5506,5.589,5.6267,5.6636,5.6998,5.7352,5.7699,5.8038,5.8371,5.8697,5.9016,5.9328,5.9633,5.9932,6.0225,6.0512,6.0792,6.1066,6.1334,6.1597,6.1853,6.2104,6.2349,6.2589,6.2823,6.3051,6.3275,6.3493,6.3706,6.3914,6.4116,6.4314,6.4507,6.4695,6.4878,6.5056,6.523,6.5399,6.5563,6.5723,6.5878,6.6029,6.6175,6.6316,6.6453,6.6586,6.6714,6.6838,6.6958,6.7073,6.7183,6.729,6.7392,6.7489,6.7583,6.7672,6.7756,6.7836,6.7912,6.7983,6.8049,6.8111,6.8169,6.8221,6.827,6.8313,6.8351,6.8385,6.8414,6.8437,6.8456,6.8469,6.8478,6.848
4.2286,4.2932,4.3565,4.4187,4.4796,4.5393,4.5979,4.6554,4.7117,4.767,4.8211,4.8742,4.9263,4.9773,5.0274,5.0765,5.1246,5.1717,5.2179,5.2632,5.3076,5.3511,5.3938,5.4356,5.4765,5.5167,5.556,5.5945,5.6323,5.6693,5.7055,5.741,5.7758,5.8098,5.8431,5.8758,5.9077,5.939,5.9697,5.9997,6.029,6.0577,6.0858,6.1133,6.1402,6.1665,6.1923,6.2174,6.242,6.266,6.2895,6.3124,6.3349,6.3567,6.3781,6.399,6.4193,6.4391,6.4585,6.4774,6.4957,6.5136,6.531,6.548,6.5645,6.5805,6.5961,6.6112,6.6259,6.6401,6.6538,6.6672,6.68,6.6925,6.7045,6.716,6.7272,6.7378,6.7481,6.7579,6.7673,6.7762,6.7847,6.7927,6.8003,6.8074,6.8141,6.8203,6.8261,6.8314,6.8362,6.8406,6.8445,6.8478,6.8507,6.8531,6.855,6.8563,6.8571,6.8574
4.2316,4.2962,4.3597,4.4218,4.4828,4.5426,4.6013,4.6588,4.7152,4.7705,4.8247,4.8779,4.93,4.9812,5.0313,5.0804,5.1286,5.1758,5.2221,5.2674,5.3119,5.3555,5.3982,5.4401,5.4811,5.5213,5.5607,5.5993,5.6371,5.6741,5.7104,5.746,5.7808,5.8149,5.8483,5.881,5.9131,5.9444,5.9751,6.0052,6.0346,6.0634,6.0916,6.1191,6.1461,6.1724,6.1982,6.2234,6.2481,6.2722,6.2957,6.3187,6.3412,6.3632,6.3846,6.4055,6.4259,6.4458,6.4652,6.4841,6.5025,6.5205,6.538,6.555,6.5715,6.5876,6.6032,6.6184,6.6331,6.6474,6.6612,6.6745,6.6875,6.6999,6.712,6.7236,6.7347,6.7455,6.7557,6.7656,6.775,6.7839,6.7925,6.8005,6.8081,6.8153,6.822,6.8283,6.8341,6.8394,6.8442,6.8486,6.8525,6.8559,6.8588,6.8612,6.863,6.8644,6.8652,6.8655
4.2341,4.2988,4.3623,4.4245,4.4856,4.5454,4.6041,4.6617,4.7182,4.7735,4.8278,4.881,4.9332,4.9844,5.0346,5.0837,5.132,5.1792,5.2256,5.271,5.3155,5.3591,5.4019,5.4438,5.4849,5.5252,5.5646,5.6033,5.6412,5.6783,5.7146,5.7502,5.7851,5.8193,5.8527,5.8855,5.9176,5.949,5.9798,6.0099,6.0393,6.0682,6.0964,6.124,6.151,6.1775,6.2033,6.2286,6.2533,6.2774,6.301,6.3241,6.3466,6.3686,6.3901,6.411,6.4315,6.4514,6.4709,6.4898,6.5083,6.5263,6.5438,6.5609,6.5775,6.5936,6.6093,6.6245,6.6392,6.6535,6.6674,6.6808,6.6938,6.7063,6.7184,6.73,6.7412,6.7519,6.7623,6.7721,6.7816,6.7905,6.7991,6.8072,6.8148,6.822,6.8287,6.835,6.8408,6.8462,6.851,6.8554,6.8593,6.8627,6.8656,6.868,6.8699,6.8713,6.8721,6.8724
4.2363,4.3011,4.3646,4.4269,4.4879,4.5479,4.6066,4.6642,4.7207,4.7761,4.8304,4.8837,4.936,4.9872,5.0374,5.0866,5.1349,5.1822,5.2286,5.274,5.3186,5.3623,5.4051,5.4471,5.4882,5.5285,5.568,5.6067,5.6447,5.6818,5.7182,5.7539,5.7888,5.823,5.8565,5.8894,5.9215,5.9529,5.9838,6.0139,6.0434,6.0723,6.1006,6.1282,6.1553,6.1818,6.2077,6.233,6.2577,6.2819,6.3056,6.3287,6.3512,6.3733,6.3948,6.4158,6.4363,6.4563,6.4758,6.4948,6.5133,6.5314,6.5489,6.566,6.5826,6.5988,6.6145,6.6297,6.6445,6.6589,6.6728,6.6862,6.6992,6.7117,6.7238,6.7355,6.7467,6.7575,6.7679,6.7778,6.7872,6.7962,6.8048,6.8129,6.8206,6.8278,6.8345,6.8408,6.8467,6.852,6.8569,6.8613,6.8652,6.8686,6.8715,6.8739,6.8758,6.8772,6.878,6.8783
4.2382,4.303,4.3665,4.4289,4.49,4.5499,4.6087,4.6664,4.7229,4.7784,4.8327,4.886,4.9383,4.9896,5.0398,5.0891,5.1374,5.1848,5.2312,5.2767,5.3213,5.365,5.4079,5.4499,5.4911,5.5314,5.571,5.6097,5.6477,5.6849,5.7213,5.757,5.792,5.8263,5.8598,5.8927,5.9249,5.9564,5.9872,6.0174,6.047,6.0759,6.1042,6.1319,6.159,6.1855,6.2115,6.2368,6.2616,6.2858,6.3095,6.3327,6.3553,6.3773,6.3989,6.4199,6.4405,6.4605,6.48,6.4991,6.5176,6.5357,6.5533,6.5704,6.5871,6.6033,6.619,6.6343,6.6491,6.6635,6.6774,6.6909,6.7039,6.7165,6.7286,6.7403,6.7516,6.7624,6.7727,6.7826,6.7921,6.8012,6.8097,6.8179,6.8256,6.8328,6.8396,6.8459,6.8517,6.8571,6.862,6.8664,6.8703,6.8737,6.8766,6.879,6.8809,6.8823,6.8831,6.8834
4.2399,4.3047,4.3683,4.4306,4.4918,4.5518,4.6106,4.6683,4.7249,4.7803,4.8347,4.8881,4.9404,4.9917,5.042,5.0913,5.1396,5.187,5.2335,5.279,5.3237,5.3674,5.4103,5.4524,5.4936,5.534,5.5736,5.6123,5.6504,5.6876,5.7241,5.7598,5.7948,5.8291,5.8627,5.8956,5.9278,5.9594,5.9902,6.0205,6.0501,6.079,6.1074,6.1351,6.1623,6.1888,6.2148,6.2402,6.265,6.2892,6.313,6.3361,6.3588,6.3809,6.4025,6.4236,6.4441,6.4642,6.4838,6.5028,6.5214,6.5395,6.5572,6.5743,6.591,6.6072,6.623,6.6383,6.6531,6.6675,6.6815,6.695,6.708,6.7206,6.7328,6.7445,6.7558,6.7666,6.777,6.7869,6.7964,6.8055,6.8141,6.8222,6.8299,6.8372,6.844,6.8503,6.8561,6.8615,6.8664,6.8708,6.8748,6.8782,6.8811,6.8835,6.8854,6.8868,6.8876,6.8879
4.2412,4.306,4.3696,4.432,4.4932,4.5532,4.6121,4.6698,4.7264,4.7819,4.8363,4.8897,4.942,4.9933,5.0437,5.093,5.1414,5.1888,5.2353,5.2809,5.3255,5.3693,5.4123,5.4543,5.4956,5.536,5.5756,5.6144,5.6525,5.6897,5.7262,5.762,5.797,5.8314,5.865,5.8979,5.9301,5.9617,5.9926,6.0229,6.0525,6.0815,6.1099,6.1377,6.1648,6.1914,6.2174,6.2428,6.2677,6.292,6.3157,6.3389,6.3616,6.3837,6.4053,6.4264,6.447,6.4671,6.4867,6.5058,6.5244,6.5425,6.5602,6.5774,6.5941,6.6103,6.6261,6.6414,6.6563,6.6707,6.6847,6.6982,6.7113,6.7239,6.7361,6.7478,6.7591,6.77,6.7804,6.7903,6.7998,6.8089,6.8175,6.8257,6.8334,6.8406,6.8474,6.8538,6.8596,6.865,6.8699,6.8744,6.8783,6.8817,6.8847,6.8871,6.889,6.8904,6.8912,6.8915
4.2422,4.3071,4.3707,4.4332,4.4944,4.5544,4.6133,4.671,4.7276,4.7832,4.8376,4.891,4.9434,4.9947,5.0451,5.0944,5.1428,5.1903,5.2368,5.2824,5.3271,5.3709,5.4138,5.4559,5.4972,5.5377,5.5773,5.6161,5.6542,5.6915,5.728,5.7638,5.7989,5.8332,5.8668,5.8998,5.9321,5.9637,5.9946,6.0249,6.0545,6.0835,6.1119,6.1397,6.1669,6.1935,6.2195,6.245,6.2699,6.2942,6.3179,6.3412,6.3639,6.386,6.4077,6.4288,6.4494,6.4695,6.4891,6.5082,6.5269,6.545,6.5627,6.5799,6.5966,6.6129,6.6287,6.644,6.6589,6.6734,6.6873,6.7009,6.714,6.7266,6.7388,6.7505,6.7619,6.7727,6.7831,6.7931,6.8026,6.8117,6.8203,6.8285,6.8362,6.8435,6.8503,6.8566,6.8625,6.8679,6.8728,6.8773,6.8812,6.8846,6.8876,6.89,6.8919,6.8933,6.8941,6.8944
4.2431,4.308,4.3717,4.4341,4.4953,4.5554,4.6143,4.672,4.7287,4.7842,4.8387,4.8921,4.9445,4.9958,5.0462,5.0956,5.144,5.1915,5.238,5.2836,5.3283,5.3722,5.4152,5.4573,5.4986,5.539,5.5787,5.6175,5.6556,5.6929,5.7295,5.7653,5.8004,5.8347,5.8684,5.9014,5.9336,5.9653,5.9962,6.0265,6.0562,6.0852,6.1136,6.1415,6.1687,6.1953,6.2213,6.2468,6.2717,6.296,6.3198,6.343,6.3657,6.3879,6.4096,6.4307,6.4514,6.4715,6.4911,6.5103,6.5289,6.5471,6.5648,6.582,6.5987,6.615,6.6308,6.6462,6.6611,6.6755,6.6895,6.7031,6.7162,6.7288,6.741,6.7528,6.7641,6.775,6.7854,6.7954,6.8049,6.814,6.8227,6.8309,6.8386,6.8459,6.8527,6.859,6.8649,6.8703,6.8752,6.8797,6.8836,6.8871,6.89,6.8924,6.8943,6.8957,6.8965,6.8968
4.2439,4.3088,4.3724,4.4349,4.4961,4.5562,4.6151,4.6729,4.7295,4.7851,4.8396,4.893,4.9454,4.9968,5.0472,5.0966,5.145,5.1925,5.239,5.2847,5.3294,5.3733,5.4162,5.4584,5.4997,5.5402,5.5798,5.6187,5.6568,5.6941,5.7307,5.7665,5.8016,5.836,5.8697,5.9027,5.935,5.9666,5.9976,6.0279,6.0576,6.0866,6.1151,6.1429,6.1701,6.1967,6.2228,6.2483,6.2732,6.2975,6.3213,6.3446,6.3673,6.3895,6.4112,6.4323,6.453,6.4731,6.4928,6.5119,6.5306,6.5488,6.5665,6.5837,6.6005,6.6168,6.6326,6.648,6.6629,6.6773,6.6914,6.7049,6.718,6.7307,6.7429,6.7547,6.766,6.7769,6.7873,6.7973,6.8069,6.816,6.8246,6.8328,6.8405,6.8478,6.8546,6.861,6.8669,6.8723,6.8772,6.8817,6.8856,6.8891,6.892,6.8944,6.8963,6.8977,6.8985,6.8988
4.2445,4.3094,4.3731,4.4355,4.4968,4.5568,4.6158,4.6735,4.7302,4.7858,4.8403,4.8937,4.9462,4.9975,5.0479,5.0973,5.1458,5.1933,5.2398,5.2855,5.3302,5.3741,5.4171,5.4593,5.5006,5.5411,5.5808,5.6196,5.6577,5.6951,5.7317,5.7675,5.8026,5.837,5.8707,5.9037,5.936,5.9677,5.9987,6.029,6.0587,6.0878,6.1162,6.144,6.1713,6.1979,6.224,6.2495,6.2744,6.2988,6.3226,6.3459,6.3686,6.3908,6.4125,6.4336,6.4543,6.4745,6.4941,6.5133,6.532,6.5501,6.5679,6.5851,6.6019,6.6182,6.634,6.6494,6.6643,6.6788,6.6928,6.7064,6.7195,6.7322,6.7444,6.7562,6.7675,6.7784,6.7889,6.7989,6.8084,6.8175,6.8262,6.8344,6.8421,6.8494,6.8562,6.8626,6.8685,6.8739,6.8788,6.8833,6.8872,6.8907,6.8936,6.896,6.8979,6.8993,6.9002,6.9004
4.2449,4.3098,4.3735,4.4359,4.4972,4.5573,4.6162,4.674,4.7307,4.7863,4.8408,4.8942,4.9466,4.998,5.0484,5.0979,5.1463,5.1938,5.2404,5.286,5.3308,5.3747,5.4177,5.4598,5.5012,5.5417,5.5814,5.6203,5.6584,5.6957,5.7323,5.7682,5.8033,5.8377,5.8714,5.9044,5.9367,5.9684,5.9994,6.0297,6.0594,6.0885,6.117,6.1448,6.172,6.1987,6.2248,6.2503,6.2752,6.2996,6.3234,6.3467,6.3694,6.3916,6.4133,6.4345,6.4552,6.4753,6.495,6.5142,6.5328,6.551,6.5688,6.586,6.6028,6.6191,6.635,6.6503,6.6653,6.6797,6.6938,6.7073,6.7205,6.7332,6.7454,6.7572,6.7685,6.7794,6.7899,6.7999,6.8094,6.8185,6.8272,6.8354,6.8431,6.8504,6.8573,6.8636,6.8695,6.8749,6.8799,6.8843,6.8883,6.8917,6.8947,6.8971,6.899,6.9004,6.9012,6.9015
4.2451,4.31,4.3737,4.4362,4.4975,4.5576,4.6165,4.6743,4.731,4.7866,4.8411,4.8945,4.947,4.9984,5.0488,5.0982,5.1467,5.1942,5.2407,5.2864,5.3312,5.3751,5.4181,5.4602,5.5016,5.5421,5.5818,5.6207,5.6588,5.6961,5.7327,5.7686,5.8037,5.8381,5.8718,5.9049,5.9372,5.9689,5.9999,6.0302,6.0599,6.089,6.1175,6.1453,6.1726,6.1992,6.2253,6.2508,6.2757,6.3001,6.3239,6.3472,6.37,6.3922,6.4139,6.4351,6.4558,6.4759,6.4956,6.5148,6.5335,6.5517,6.5694,6.5866,6.6034,6.6197,6.6356,6.651,6.6659,6.6804,6.6944,6.708,6.7211,6.7338,6.7461,6.7578,6.7692,6.7801,6.7905,6.8006,6.8101,6.8192,6.8279,6.8361,6.8438,6.8511,6.858,6.8643,6.8702,6.8756,6.8806,6.885,6.889,6.8924,6.8954,6.8978,6.8997,6.9011,6.9019,6.9022
4.2453,4.3102,4.3739,4.4364,4.4977,4.5577,4.6167,4.6745,4.7312,4.7868,4.8413,4.8948,4.9472,4.9986,5.049,5.0984,5.1469,5.1944,5.241,5.2866,5.3314,5.3753,5.4183,5.4605,5.5018,5.5423,5.582,5.6209,5.6591,5.6964,5.733,5.7689,5.804,5.8384,5.8721,5.9052,5.9375,5.9692,6.0002,6.0305,6.0602,6.0893,6.1178,6.1456,6.1729,6.1996,6.2256,6.2511,6.2761,6.3005,6.3243,6.3476,6.3703,6.3926,6.4143,6.4354,6.4561,6.4763,6.496,6.5151,6.5338,6.552,6.5698,6.587,6.6038,6.6201,6.636,6.6514,6.6663,6.6808,6.6948,6.7084,6.7216,6.7342,6.7465,6.7583,6.7696,6.7805,6.791,6.801,6.8105,6.8197,6.8283,6.8365,6.8443,6.8516,6.8584,6.8648,6.8707,6.8761,6.881,6.8855,6.8894,6.8929,6.8958,6.8983,6.9002,6.9016,6.9024,6.9027
4.2454,4.3103,4.374,4.4365,4.4978,4.5578,4.6168,4.6746,4.7313,4.7869,4.8414,4.8949,4.9473,4.9987,5.0491,5.0985,5.147,5.1945,5.2411,5.2868,5.3315,5.3754,5.4185,5.4606,5.502,5.5425,5.5822,5.6211,5.6592,5.6966,5.7332,5.769,5.8042,5.8386,5.8723,5.9053,5.9376,5.9693,6.0003,6.0307,6.0604,6.0895,6.1179,6.1458,6.1731,6.1997,6.2258,6.2513,6.2763,6.3006,6.3245,6.3478,6.3705,6.3928,6.4145,6.4356,6.4563,6.4765,6.4962,6.5153,6.534,6.5522,6.57,6.5872,6.604,6.6203,6.6362,6.6516,6.6665,6.681,6.6951,6.7086,6.7218,6.7345,6.7467,6.7585,6.7698,6.7807,6.7912,6.8012,6.8108,6.8199,6.8286,6.8368,6.8445,6.8518,6.8586,6.865,6.8709,6.8763,6.8813,6.8857,6.8897,6.8931,6.8961,6.8985,6.9004,6.9018,6.9026,6.9029
4.2454,4.3103,4.374,4.4365,4.4977,4.5578,4.6168,4.6746,4.7313,4.7869,4.8414,4.8949,4.9473,4.9987,5.0491,5.0985,5.147,5.1945,5.2411,5.2868,5.3315,5.3754,5.4184,5.4606,5.5019,5.5424,5.5822,5.6211,5.6592,5.6965,5.7331,5.769,5.8041,5.8386,5.8723,5.9053,5.9376,5.9693,6.0003,6.0307,6.0604,6.0895,6.1179,6.1458,6.173,6.1997,6.2258,6.2513,6.2762,6.3006,6.3245,6.3477,6.3705,6.3927,6.4144,6.4356,6.4563,6.4765,6.4961,6.5153,6.534,6.5522,6.5699,6.5872,6.604,6.6203,6.6362,6.6516,6.6665,6.681,6.695,6.7086,6.7217,6.7344,6.7467,6.7585,6.7698,6.7807,6.7912,6.8012,6.8107,6.8199,6.8285,6.8367,6.8445,6.8518,6.8586,6.865,6.8709,6.8763,6.8812,6.8857,6.8896,6.8931,6.896,6.8985,6.9004,6.9018,6.9026,6.9029
4.2452,4.3102,4.3739,4.4363,4.4976,4.5577,4.6166,4.6744,4.7311,4.7867,4.8412,4.8947,4.9471,4.9985,5.0489,5.0984,5.1468,5.1943,5.2409,5.2866,5.3314,5.3752,5.4183,5.4604,5.5018,5.5423,5.582,5.6209,5.659,5.6964,5.733,5.7688,5.8039,5.8384,5.8721,5.9051,5.9374,5.9691,6.0001,6.0304,6.0602,6.0892,6.1177,6.1456,6.1728,6.1995,6.2256,6.2511,6.276,6.3004,6.3242,6.3475,6.3702,6.3925,6.4142,6.4354,6.456,6.4762,6.4959,6.515,6.5337,6.5519,6.5697,6.5869,6.6037,6.62,6.6359,6.6513,6.6662,6.6807,6.6947,6.7083,6.7214,6.7341,6.7464,6.7582,6.7695,6.7804,6.7909,6.8009,6.8104,6.8195,6.8282,6.8364,6.8442,6.8515,6.8583,6.8647,6.8706,6.876,6.8809,6.8854,6.8893,6.8928,6.8957,6.8982,6.9001,6.9014,6.9023,6.9025
4.2451,4.31,4.3737,4.4361,4.4974,4.5575,4.6164,4.6742,4.7309,4.7865,4.841,4.8945,4.9469,4.9983,5.0487,5.0981,5.1466,5.1941,5.2407,5.2863,5.3311,5.375,5.418,5.4602,5.5015,5.542,5.5817,5.6206,5.6587,5.6961,5.7327,5.7685,5.8036,5.838,5.8718,5.9048,5.9371,5.9688,5.9998,6.0301,6.0598,6.0889,6.1174,6.1452,6.1725,6.1991,6.2252,6.2507,6.2756,6.3,6.3238,6.3471,6.3699,6.3921,6.4138,6.435,6.4556,6.4758,6.4955,6.5146,6.5333,6.5515,6.5693,6.5865,6.6033,6.6196,6.6354,6.6508,6.6658,6.6803,6.6943,6.7079,6.721,6.7337,6.7459,6.7577,6.769,6.7799,6.7904,6.8004,6.81,6.8191,6.8277,6.8359,6.8437,6.851,6.8578,6.8642,6.8701,6.8755,6.8804,6.8849,6.8888,6.8923,6.8952,6.8977,6.8996,6.9009,6.9018,6.9021
4.2448,4.3098,4.3734,4.4359,4.4972,4.5572,4.6162,4.674,4.7306,4.7862,4.8407,4.8942,4.9466,4.998,5.0484,5.0978,5.1463,5.1938,5.2404,5.286,5.3308,5.3746,5.4177,5.4598,5.5011,5.5416,5.5813,5.6202,5.6583,5.6957,5.7323,5.7681,5.8032,5.8376,5.8713,5.9044,5.9367,5.9683,5.9993,6.0297,6.0594,6.0884,6.1169,6.1447,6.172,6.1986,6.2247,6.2502,6.2751,6.2995,6.3233,6.3466,6.3694,6.3916,6.4133,6.4344,6.4551,6.4753,6.4949,6.5141,6.5328,6.551,6.5687,6.586,6.6027,6.619,6.6349,6.6503,6.6652,6.6797,6.6937,6.7073,6.7204,6.7331,6.7453,6.7571,6.7684,6.7793,6.7898,6.7998,6.8093,6.8185,6.8271,6.8353,6.8431,6.8504,6.8572,6.8635,6.8694,6.8748,6.8798,6.8842,6.8882,6.8916,6.8946,6.897,6.8989,6.9003,6.9011,6.9014
4.2446,4.3095,4.3732,4.4356,4.4969,4.5569,4.6159,4.6737,4.7303,4.7859,4.8404,4.8939,4.9463,4.9977,5.0481,5.0975,5.1459,5.1934,5.24,5.2856,5.3304,5.3743,5.4173,5.4594,5.5007,5.5412,5.5809,5.6198,5.6579,5.6952,5.7318,5.7677,5.8028,5.8372,5.8709,5.9039,5.9362,5.9678,5.9988,6.0292,6.0589,6.0879,6.1164,6.1442,6.1715,6.1981,6.2242,6.2497,6.2746,6.299,6.3228,6.346,6.3688,6.391,6.4127,6.4338,6.4545,6.4747,6.4943,6.5135,6.5322,6.5504,6.5681,6.5853,6.6021,6.6184,6.6342,6.6496,6.6645,6.679,6.693,6.7066,6.7197,6.7324,6.7446,6.7564,6.7677,6.7786,6.7891,6.7991,6.8086,6.8177,6.8264,6.8346,6.8423,6.8496,6.8565,6.8628,6.8687,6.8741,6.879,6.8835,6.8874,6.8909,6.8938,6.8963,6.8982,6.8996,6.9004,6.9007
4.2442,4.3091,4.3728,4.4352,4.4965,4.5566,4.6155,4.6733,4.7299,4.7855,4.84,4.8934,4.9458,4.9972,5.0476,5.097,5.1455,5.1929,5.2395,5.2851,5.3299,5.3738,5.4167,5.4589,5.5002,5.5407,5.5804,5.6192,5.6573,5.6947,5.7313,5.7671,5.8022,5.8366,5.8703,5.9033,5.9356,5.9672,5.9982,6.0285,6.0582,6.0873,6.1157,6.1436,6.1708,6.1974,6.2235,6.249,6.2739,6.2982,6.3221,6.3453,6.368,6.3902,6.4119,6.4331,6.4537,6.4739,6.4935,6.5127,6.5314,6.5496,6.5673,6.5845,6.6013,6.6176,6.6334,6.6488,6.6637,6.6782,6.6922,6.7057,6.7189,6.7315,6.7438,6.7555,6.7669,6.7778,6.7882,6.7982,6.8077,6.8168,6.8255,6.8337,6.8414,6.8487,6.8555,6.8619,6.8678,6.8732,6.8781,6.8826,6.8865,6.89,6.8929,6.8953,6.8972,6.8986,6.8994,6.8997
4.2438,4.3087,4.3724,4.4348,4.4961,4.5561,4.615,4.6728,4.7295,4.785,4.8395,4.893,4.9454,4.9967,5.0471,5.0965,5.1449,5.1924,5.239,5.2846,5.3293,5.3732,5.4162,5.4583,5.4996,5.5401,5.5798,5.6186,5.6567,5.694,5.7306,5.7664,5.8015,5.8359,5.8696,5.9026,5.9349,5.9665,5.9975,6.0278,6.0575,6.0865,6.115,6.1428,6.17,6.1967,6.2227,6.2482,6.2731,6.2974,6.3212,6.3445,6.3672,6.3894,6.4111,6.4322,6.4529,6.473,6.4927,6.5118,6.5305,6.5487,6.5664,6.5836,6.6004,6.6166,6.6325,6.6478,6.6628,6.6772,6.6912,6.7048,6.7179,6.7306,6.7428,6.7545,6.7659,6.7768,6.7872,6.7972,6.8067,6.8158,6.8245,6.8327,6.8404,6.8477,6.8545,6.8609,6.8667,6.8721,6.8771,6.8815,6.8855,6.8889,6.8919,6.8943,6.8962,6.8976,6.8984,6.8987
4.2434,4.3083,4.372,4.4344,4.4956,4.5557,4.6146,4.6723,4.729,4.7845,4.839,4.8924,4.9448,4.9962,5.0466,5.0959,5.1444,5.1918,5.2384,5.284,5.3287,5.3726,5.4156,5.4577,5.499,5.5394,5.5791,5.618,5.656,5.6934,5.7299,5.7657,5.8008,5.8352,5.8689,5.9018,5.9341,5.9658,5.9967,6.027,6.0567,6.0857,6.1142,6.142,6.1692,6.1958,6.2219,6.2473,6.2722,6.2966,6.3204,6.3436,6.3663,6.3885,6.4102,6.4313,6.452,6.4721,6.4917,6.5109,6.5295,6.5477,6.5654,6.5826,6.5994,6.6156,6.6315,6.6468,6.6617,6.6762,6.6902,6.7037,6.7168,6.7295,6.7417,6.7535,6.7648,6.7757,6.7861,6.7961,6.8056,6.8147,6.8234,6.8316,6.8393,6.8466,6.8534,6.8597,6.8656,6.871,6.8759,6.8804,6.8843,6.8878,6.8907,6.8931,6.895,6.8964,6.8972,6.8975
4.243,4.3078,4.3715,4.4339,4.4951,4.5552,4.6141,4.6718,4.7285,4.784,4.8385,4.8919,4.9443,4.9956,5.046,5.0954,5.1438,5.1912,5.2378,5.2834,5.3281,5.3719,5.4149,5.457,5.4983,5.5388,5.5784,5.6173,5.6553,5.6926,5.7292,5.765,5.8001,5.8344,5.8681,5.9011,5.9333,5.965,5.9959,6.0262,6.0559,6.0849,6.1133,6.1411,6.1683,6.1949,6.221,6.2464,6.2713,6.2957,6.3194,6.3427,6.3654,6.3876,6.4092,6.4303,6.451,6.4711,6.4907,6.5099,6.5285,6.5467,6.5644,6.5816,6.5983,6.6146,6.6304,6.6458,6.6607,6.6751,6.6891,6.7026,6.7157,6.7284,6.7406,6.7524,6.7637,6.7745,6.785,6.7949,6.8045,6.8136,6.8222,6.8304,6.8381,6.8454,6.8522,6.8585,6.8644,6.8698,6.8747,6.8792,6.8831,6.8866,6.8895,6.8919,6.8938,6.8952,6.896,6.8963
4.2425,4.3074,4.371,4.4334,4.4946,4.5547,4.6135,4.6713,4.7279,4.7835,4.8379,4.8913,4.9437,4.995,5.0454,5.0947,5.1431,5.1906,5.2371,5.2827,5.3274,5.3713,5.4142,5.4563,5.4976,5.538,5.5777,5.6165,5.6546,5.6919,5.7284,5.7642,5.7993,5.8336,5.8673,5.9002,5.9325,5.9641,5.995,6.0253,6.055,6.084,6.1124,6.1402,6.1674,6.194,6.22,6.2455,6.2704,6.2947,6.3185,6.3417,6.3644,6.3865,6.4082,6.4293,6.4499,6.47,6.4897,6.5088,6.5274,6.5456,6.5633,6.5805,6.5972,6.6135,6.6293,6.6446,6.6595,6.674,6.6879,6.7015,6.7146,6.7272,6.7394,6.7512,6.7625,6.7733,6.7838,6.7937,6.8033,6.8123,6.821,6.8291,6.8369,6.8441,6.8509,6.8573,6.8632,6.8686,6.8735,6.8779,6.8819,6.8853,6.8882,6.8907,6.8926,6.8939,6.8948,6.895
4.242,4.3068,4.3705,4.4329,4.4941,4.5541,4.613,4.6707,4.7273,4.7828,4.8373,4.8907,4.943,4.9944,5.0447,5.0941,5.1424,5.1899,5.2364,5.282,5.3267,5.3705,5.4134,5.4555,5.4968,5.5372,5.5769,5.6157,5.6537,5.691,5.7275,5.7633,5.7984,5.8327,5.8664,5.8993,5.9316,5.9632,5.9941,6.0244,6.054,6.083,6.1114,6.1392,6.1664,6.193,6.219,6.2444,6.2693,6.2936,6.3174,6.3406,6.3633,6.3854,6.407,6.4282,6.4488,6.4689,6.4885,6.5076,6.5262,6.5444,6.562,6.5792,6.596,6.6122,6.628,6.6434,6.6582,6.6727,6.6866,6.7002,6.7133,6.7259,6.7381,6.7498,6.7611,6.772,6.7824,6.7924,6.8019,6.811,6.8196,6.8278,6.8355,6.8427,6.8496,6.8559,6.8618,6.8672,6.8721,6.8765,6.8804,6.8839,6.8868,6.8892,6.8911,6.8925,6.8933,6.8936
4.2414,4.3063,4.3699,4.4323,4.4935,4.5535,4.6123,4.6701,4.7267,4.7822,4.8366,4.89,4.9423,4.9937,5.044,5.0933,5.1417,5.1891,5.2356,5.2812,5.3259,5.3697,5.4126,5.4547,5.496,5.5364,5.576,5.6148,5.6529,5.6901,5.7266,5.7624,5.7975,5.8318,5.8654,5.8984,5.9306,5.9622,5.9931,6.0234,6.053,6.082,6.1104,6.1381,6.1653,6.1919,6.2179,6.2433,6.2682,6.2925,6.3162,6.3394,6.3621,6.3842,6.4059,6.427,6.4476,6.4677,6.4873,6.5064,6.525,6.5431,6.5608,6.578,6.5947,6.6109,6.6267,6.6421,6.6569,6.6713,6.6853,6.6988,6.7119,6.7245,6.7367,6.7485,6.7597,6.7706,6.781,6.791,6.8005,6.8096,6.8182,6.8263,6.8341,6.8413,6.8481,6.8544,6.8603,6.8657,6.8706,6.875,6.879,6.8824,6.8853,6.8878,6.8897,6.891,6.8919,6.8921
4.2409,4.3057,4.3693,4.4317,4.4929,4.5529,4.6117,4.6694,4.726,4.7815,4.836,4.8893,4.9417,4.993,5.0433,5.0926,5.141,5.1884,5.2349,5.2804,5.3251,5.3689,5.4118,5.4539,5.4951,5.5355,5.5751,5.6139,5.652,5.6892,5.7257,5.7615,5.7965,5.8308,5.8645,5.8974,5.9296,5.9612,5.9921,6.0223,6.052,6.0809,6.1093,6.1371,6.1642,6.1908,6.2168,6.2422,6.267,6.2913,6.3151,6.3383,6.3609,6.3831,6.4047,6.4258,6.4464,6.4664,6.486,6.5051,6.5237,6.5418,6.5595,6.5767,6.5934,6.6096,6.6254,6.6407,6.6556,6.67,6.6839,6.6975,6.7105,6.7231,6.7353,6.747,6.7583,6.7692,6.7796,6.7895,6.799,6.8081,6.8167,6.8249,6.8326,6.8398,6.8466,6.853,6.8588,6.8642,6.8691,6.8735,6.8775,6.8809,6.8838,6.8863,6.8882,6.8895,6.8904,6.8906
4.2403,4.3051,4.3687,4.4311,4.4923,4.5523,4.6111,4.6688,4.7254,4.7809,4.8353,4.8886,4.941,4.9923,5.0426,5.0919,5.1402,5.1876,5.2341,5.2797,5.3243,5.3681,5.411,5.4531,5.4943,5.5347,5.5743,5.6131,5.6511,5.6883,5.7248,5.7606,5.7956,5.8299,5.8635,5.8964,5.9286,5.9602,5.9911,6.0213,6.0509,6.0799,6.1082,6.136,6.1631,6.1897,6.2157,6.2411,6.2659,6.2902,6.3139,6.3371,6.3597,6.3819,6.4035,6.4245,6.4451,6.4652,6.4848,6.5038,6.5224,6.5406,6.5582,6.5754,6.5921,6.6083,6.6241,6.6394,6.6542,6.6686,6.6826,6.6961,6.7091,6.7217,6.7339,6.7456,6.7569,6.7677,6.7781,6.7881,6.7976,6.8066,6.8152,6.8234,6.8311,6.8384,6.8451,6.8515,6.8573,6.8627,6.8676,6.872,6.876,6.8794,6.8823,6.8847,6.8866,6.888,6.8888,6.8891
4.2397,4.3046,4.3681,4.4305,4.4917,4.5516,4.6105,4.6682,4.7247,4.7802,4.8346,4.8879,4.9403,4.9915,5.0418,5.0911,5.1395,5.1869,5.2333,5.2789,5.3235,5.3673,5.4102,5.4522,5.4934,5.5338,5.5734,5.6122,5.6502,5.6874,5.7239,5.7596,5.7946,5.8289,5.8625,5.8954,5.9276,5.9592,5.99,6.0203,6.0499,6.0788,6.1072,6.1349,6.162,6.1886,6.2145,6.2399,6.2648,6.289,6.3127,6.3359,6.3585,6.3806,6.4022,6.4233,6.4439,6.4639,6.4835,6.5026,6.5212,6.5393,6.5569,6.574,6.5907,6.6069,6.6227,6.638,6.6529,6.6672,6.6812,6.6947,6.7077,6.7203,6.7325,6.7442,6.7555,6.7663,6.7767,6.7866,6.7961,6.8052,6.8138,6.8219,6.8296,6.8369,6.8437,6.85,6.8558,6.8612,6.8661,6.8705,6.8744,6.8779,6.8808,6.8832,6.8851,6.8865,6.8873,6.8876
4.2392,4.304,4.3676,4.4299,4.4911,4.551,4.6098,4.6675,4.7241,4.7795,4.8339,4.8873,4.9396,4.9908,5.0411,5.0904,5.1387,5.1861,5.2326,5.2781,5.3227,5.3665,5.4094,5.4514,5.4926,5.533,5.5725,5.6113,5.6493,5.6865,5.723,5.7587,5.7937,5.828,5.8615,5.8944,5.9266,5.9582,5.989,6.0192,6.0488,6.0778,6.1061,6.1338,6.1609,6.1875,6.2134,6.2388,6.2636,6.2879,6.3116,6.3347,6.3574,6.3795,6.401,6.4221,6.4426,6.4627,6.4823,6.5013,6.5199,6.538,6.5556,6.5727,6.5894,6.6056,6.6214,6.6367,6.6515,6.6659,6.6798,6.6933,6.7064,6.7189,6.7311,6.7428,6.7541,6.7649,6.7753,6.7852,6.7947,6.8037,6.8123,6.8205,6.8282,6.8354,6.8422,6.8485,6.8543,6.8597,6.8646,6.869,6.8729,6.8764,6.8793,6.8817,6.8836,6.885,6.8858,6.8861
4.2387,4.3034,4.367,4.4293,4.4905,4.5504,4.6092,4.6669,4.7234,4.7789,4.8333,4.8866,4.9389,4.9901,5.0404,5.0897,5.138,5.1854,5.2318,5.2773,5.322,5.3657,5.4086,5.4506,5.4918,5.5321,5.5717,5.6104,5.6484,5.6856,5.7221,5.7578,5.7928,5.827,5.8606,5.8935,5.9257,5.9572,5.988,6.0182,6.0478,6.0767,6.1051,6.1328,6.1599,6.1864,6.2123,6.2377,6.2625,6.2867,6.3104,6.3336,6.3562,6.3783,6.3999,6.4209,6.4415,6.4615,6.481,6.5001,6.5187,6.5367,6.5543,6.5715,6.5881,6.6043,6.6201,6.6354,6.6502,6.6646,6.6785,6.692,6.705,6.7176,6.7297,6.7414,6.7527,6.7635,6.7739,6.7838,6.7933,6.8023,6.8109,6.819,6.8267,6.834,6.8407,6.847,6.8529,6.8583,6.8632,6.8676,6.8715,6.8749,6.8778,6.8802,6.8821,6.8835,6.8843,6.8846
4.2381,4.3029,4.3664,4.4287,4.4899,4.5498,4.6086,4.6662,4.7228,4.7782,4.8326,4.8859,4.9382,4.9894,5.0397,5.0889,5.1372,5.1846,5.231,5.2765,5.3211,5.3649,5.4077,5.4497,5.4909,5.5313,5.5708,5.6095,5.6475,5.6847,5.7211,5.7568,5.7918,5.8261,5.8596,5.8925,5.9246,5.9561,5.987,6.0172,6.0467,6.0757,6.104,6.1317,6.1588,6.1853,6.2112,6.2366,6.2613,6.2856,6.3093,6.3324,6.355,6.3771,6.3986,6.4197,6.4402,6.4602,6.4798,6.4988,6.5173,6.5354,6.553,6.5701,6.5868,6.603,6.6187,6.634,6.6488,6.6632,6.6771,6.6906,6.7036,6.7162,6.7283,6.74,6.7512,6.762,6.7724,6.7823,6.7918,6.8008,6.8094,6.8175,6.8252,6.8325,6.8392,6.8455,6.8514,6.8567,6.8616,6.866,6.8699,6.8734,6.8763,6.8787,6.8806,6.882,6.8828,6.8831
4.2375,4.3023,4.3658,4.4281,4.4892,4.5492,4.6079,4.6656,4.7221,4.7775,4.8319,4.8852,4.9374,4.9887,5.0389,5.0882,5.1365,5.1838,5.2302,5.2757,5.3203,5.364,5.4069,5.4489,5.49,5.5304,5.5699,5.6086,5.6466,5.6837,5.7202,5.7559,5.7908,5.8251,5.8586,5.8914,5.9236,5.9551,5.9859,6.0161,6.0456,6.0746,6.1029,6.1305,6.1576,6.1841,6.21,6.2354,6.2602,6.2844,6.308,6.3312,6.3538,6.3758,6.3974,6.4184,6.4389,6.4589,6.4784,6.4975,6.516,6.5341,6.5517,6.5688,6.5854,6.6016,6.6173,6.6326,6.6474,6.6618,6.6757,6.6891,6.7021,6.7147,6.7268,6.7385,6.7497,6.7605,6.7709,6.7808,6.7903,6.7993,6.8079,6.816,6.8237,6.8309,6.8377,6.844,6.8498,6.8552,6.8601,6.8645,6.8684,6.8718,6.8747,6.8771,6.879,6.8804,6.8812,6.8815
4.2369,4.3017,4.3652,4.4275,4.4886,4.5485,4.6073,4.6649,4.7214,4.7768,4.8312,4.8845,4.9367,4.9879,5.0382,5.0874,5.1357,5.183,5.2294,5.2749,5.3195,5.3632,5.406,5.448,5.4892,5.5295,5.569,5.6077,5.6456,5.6828,5.7192,5.7549,5.7898,5.8241,5.8576,5.8904,5.9226,5.9541,5.9849,6.015,6.0446,6.0735,6.1018,6.1294,6.1565,6.183,6.2089,6.2342,6.259,6.2832,6.3068,6.3299,6.3525,6.3746,6.3961,6.4171,6.4376,6.4576,6.4772,6.4962,6.5147,6.5328,6.5503,6.5674,6.5841,6.6002,6.6159,6.6312,6.646,6.6603,6.6742,6.6877,6.7007,6.7133,6.7254,6.737,6.7483,6.7591,6.7694,6.7793,6.7888,6.7978,6.8064,6.8145,6.8222,6.8294,6.8361,6.8424,6.8483,6.8536,6.8585,6.8629,6.8668,6.8702,6.8732,6.8756,6.8775,6.8788,6.8796,6.8799
4.2364,4.3011,4.3646,4.4269,4.488,4.5479,4.6066,4.6643,4.7208,4.7762,4.8305,4.8838,4.936,4.9872,5.0374,5.0867,5.1349,5.1823,5.2286,5.2741,5.3187,5.3624,5.4052,5.4472,5.4883,5.5286,5.5681,5.6068,5.6447,5.6819,5.7183,5.754,5.7889,5.8231,5.8566,5.8894,5.9216,5.953,5.9838,6.014,6.0435,6.0724,6.1007,6.1283,6.1554,6.1819,6.2077,6.2331,6.2578,6.282,6.3057,6.3288,6.3513,6.3734,6.3949,6.4159,6.4364,6.4564,6.4759,6.4949,6.5134,6.5314,6.549,6.5661,6.5827,6.5989,6.6146,6.6298,6.6446,6.659,6.6728,6.6863,6.6993,6.7118,6.7239,6.7356,6.7468,6.7576,6.768,6.7779,6.7873,6.7963,6.8049,6.813,6.8207,6.8279,6.8346,6.8409,6.8467,6.8521,6.857,6.8614,6.8653,6.8687,6.8716,6.874,6.8759,6.8773,6.8781,6.8784
4.2358,4.3005,4.364,4.4263,4.4874,4.5473,4.606,4.6636,4.7201,4.7755,4.8298,4.8831,4.9353,4.9865,5.0367,5.0859,5.1342,5.1815,5.2279,5.2733,5.3179,5.3616,5.4044,5.4463,5.4874,5.5277,5.5672,5.6059,5.6438,5.681,5.7174,5.753,5.7879,5.8221,5.8556,5.8884,5.9206,5.952,5.9828,6.013,6.0425,6.0713,6.0996,6.1272,6.1543,6.1808,6.2066,6.2319,6.2567,6.2809,6.3045,6.3276,6.3501,6.3722,6.3937,6.4147,6.4351,6.4551,6.4746,6.4936,6.5121,6.5302,6.5477,6.5648,6.5814,6.5976,6.6133,6.6285,6.6433,6.6576,6.6715,6.6849,6.6979,6.7104,6.7225,6.7342,6.7454,6.7562,6.7665,6.7764,6.7859,6.7949,6.8034,6.8115,6.8192,6.8264,6.8331,6.8394,6.8453,6.8506,6.8555,6.8599,6.8638,6.8672,6.8701,6.8725,6.8744,6.8758,6.8766,6.8769
4.2353,4.3,4.3635,4.4257,4.4868,4.5467,4.6054,4.663,4.7195,4.7749,4.8292,4.8824,4.9346,4.9858,5.036,5.0852,5.1335,5.1808,5.2271,5.2726,5.3171,5.3608,5.4036,5.4455,5.4866,5.5269,5.5664,5.6051,5.643,5.6801,5.7165,5.7521,5.787,5.8212,5.8547,5.8875,5.9196,5.951,5.9818,6.012,6.0414,6.0703,6.0986,6.1262,6.1532,6.1797,6.2055,6.2308,6.2556,6.2797,6.3034,6.3264,6.349,6.371,6.3925,6.4135,6.434,6.4539,6.4734,6.4924,6.5109,6.5289,6.5465,6.5635,6.5801,6.5963,6.612,6.6272,6.6419,6.6563,6.6701,6.6836,6.6965,6.7091,6.7212,6.7328,6.744,6.7548,6.7651,6.775,6.7845,6.7935,6.802,6.8101,6.8178,6.825,6.8317,6.838,6.8438,6.8492,6.854,6.8584,6.8623,6.8657,6.8686,6.871,6.8729,6.8743,6.8751,6.8754
4.2347,4.2994,4.3629,4.4252,4.4862,4.5461,4.6048,4.6624,4.7189,4.7742,4.8285,4.8818,4.934,4.9852,5.0353,5.0845,5.1328,5.18,5.2264,5.2718,5.3164,5.36,5.4028,5.4447,5.4858,5.5261,5.5656,5.6042,5.6421,5.6792,5.7156,5.7512,5.7861,5.8203,5.8538,5.8866,5.9187,5.9501,5.9809,6.011,6.0405,6.0693,6.0976,6.1252,6.1522,6.1786,6.2045,6.2298,6.2545,6.2787,6.3023,6.3253,6.3479,6.3699,6.3914,6.4123,6.4328,6.4528,6.4722,6.4912,6.5097,6.5277,6.5452,6.5623,6.5789,6.595,6.6107,6.6259,6.6407,6.655,6.6688,6.6823,6.6952,6.7078,6.7198,6.7315,6.7427,6.7535,6.7638,6.7737,6.7831,6.7921,6.8006,6.8087,6.8164,6.8236,6.8303,6.8366,6.8424,6.8477,6.8526,6.857,6.8609,6.8643,6.8672,6.8696,6.8715,6.8729,6.8737,6.874
4.2342,4.2989,4.3624,4.4246,4.4857,4.5455,4.6042,4.6618,4.7183,4.7736,4.8279,4.8811,4.9333,4.9845,5.0347,5.0839,5.1321,5.1793,5.2257,5.2711,5.3156,5.3593,5.402,5.444,5.4851,5.5253,5.5648,5.6034,5.6413,5.6784,5.7148,5.7504,5.7853,5.8194,5.8529,5.8857,5.9178,5.9492,5.9799,6.01,6.0395,6.0683,6.0966,6.1242,6.1512,6.1776,6.2035,6.2287,6.2534,6.2776,6.3012,6.3242,6.3468,6.3688,6.3902,6.4112,6.4317,6.4516,6.4711,6.49,6.5085,6.5265,6.544,6.5611,6.5777,6.5938,6.6095,6.6247,6.6394,6.6537,6.6676,6.681,6.694,6.7065,6.7186,6.7302,6.7414,6.7521,6.7625,6.7723,6.7818,6.7907,6.7993,6.8074,6.815,6.8222,6.8289,6.8352,6.841,6.8464,6.8512,6.8556,6.8595,6.8629,6.8658,6.8682,6.8701,6.8715,6.8723,6.8726
4.2337,4.2984,4.3618,4.4241,4.4851,4.545,4.6037,4.6612,4.7177,4.773,4.8273,4.8805,4.9327,4.9838,5.034,5.0832,5.1314,5.1786,5.2249,5.2704,5.3149,5.3585,5.4013,5.4432,5.4842,5.5245,5.5639,5.6026,5.6404,5.6775,5.7139,5.7495,5.7844,5.8185,5.852,5.8847,5.9168,5.9482,5.979,6.0091,6.0385,6.0673,6.0956,6.1232,6.1502,6.1766,6.2024,6.2277,6.2524,6.2765,6.3001,6.3231,6.3456,6.3676,6.3891,6.41,6.4305,6.4504,6.4699,6.4888,6.5073,6.5253,6.5428,6.5599,6.5764,6.5925,6.6082,6.6234,6.6381,6.6524,6.6663,6.6797,6.6926,6.7051,6.7172,6.7288,6.74,6.7508,6.7611,6.771,6.7804,6.7894,6.7979,6.806,6.8136,6.8208,6.8275,6.8338,6.8396,6.8449,6.8498,6.8542,6.8581,6.8615,6.8644,6.8668,6.8687,6.87,6.8708,6.8711
4.2332,4.2979,4.3613,4.4235,4.4845,4.5444,4.6031,4.6606,4.717,4.7724,4.8266,4.8798,4.932,4.9832,5.0333,5.0825,5.1307,5.1779,5.2242,5.2696,5.3141,5.3577,5.4005,5.4424,5.4835,5.5237,5.5631,5.6018,5.6396,5.6767,5.713,5.7486,5.7835,5.8176,5.8511,5.8838,5.9159,5.9473,5.978,6.0081,6.0375,6.0664,6.0946,6.1221,6.1491,6.1755,6.2014,6.2266,6.2513,6.2754,6.299,6.322,6.3445,6.3665,6.388,6.4089,6.4293,6.4493,6.4687,6.4876,6.5061,6.5241,6.5416,6.5586,6.5752,6.5913,6.6069,6.6221,6.6369,6.6512,6.665,6.6784,6.6913,6.7038,6.7159,6.7275,6.7387,6.7494,6.7597,6.7696,6.779,6.788,6.7965,6.8046,6.8122,6.8194,6.8261,6.8324,6.8382,6.8435,6.8484,6.8528,6.8567,6.8601,6.863,6.8654,6.8673,6.8686,6.8694,6.8697
4.2327,4.2973,4.3608,4.423,4.484,4.5438,4.6025,4.66,4.7165,4.7718,4.826,4.8792,4.9314,4.9825,5.0326,5.0818,5.13,5.1772,5.2235,5.2689,5.3134,5.357,5.3997,5.4416,5.4827,5.5229,5.5623,5.601,5.6388,5.6759,5.7122,5.7478,5.7826,5.8167,5.8502,5.8829,5.915,5.9463,5.9771,6.0071,6.0366,6.0654,6.0936,6.1212,6.1481,6.1745,6.2003,6.2256,6.2502,6.2744,6.2979,6.321,6.3434,6.3654,6.3869,6.4078,6.4282,6.4481,6.4676,6.4865,6.5049,6.5229,6.5404,6.5574,6.574,6.5901,6.6057,6.6209,6.6356,6.6499,6.6637,6.6771,6.6901,6.7026,6.7146,6.7262,6.7374,6.7481,6.7584,6.7683,6.7777,6.7867,6.7952,6.8033,6.8109,6.8181,6.8248,6.831,6.8368,6.8422,6.847,6.8514,6.8553,6.8587,6.8616,6.864,6.8659,6.8672,6.868,6.8683
4.2322,4.2968,4.3602,4.4224,4.4834,4.5433,4.6019,4.6595,4.7159,4.7712,4.8254,4.8786,4.9308,4.9819,5.032,5.0811,5.1293,5.1765,5.2228,5.2682,5.3127,5.3563,5.399,5.4409,5.4819,5.5221,5.5615,5.6002,5.638,5.6751,5.7114,5.7469,5.7818,5.8159,5.8493,5.882,5.9141,5.9454,5.9762,6.0062,6.0356,6.0644,6.0926,6.1202,6.1472,6.1735,6.1993,6.2246,6.2492,6.2733,6.2969,6.3199,6.3424,6.3643,6.3858,6.4067,6.4271,6.447,6.4664,6.4854,6.5038,6.5218,6.5392,6.5563,6.5728,6.5889,6.6045,6.6197,6.6344,6.6487,6.6625,6.6759,6.6888,6.7013,6.7134,6.725,6.7361,6.7469,6.7571,6.767,6.7764,6.7854,6.7939,6.8019,6.8096,6.8167,6.8235,6.8297,6.8355,6.8408,6.8457,6.8501,6.8539,6.8573,6.8602,6.8626,6.8645,6.8659,6.8667,6.867
4.2317,4.2963,4.3597,4.4219,4.4829,4.5427,4.6014,4.6589,4.7153,4.7706,4.8248,4.878,4.9301,4.9813,5.0314,5.0805,5.1287,5.1759,5.2222,5.2675,5.312,5.3556,5.3983,5.4402,5.4812,5.5214,5.5608,5.5994,5.6372,5.6743,5.7106,5.7461,5.7809,5.8151,5.8485,5.8812,5.9132,5.9446,5.9753,6.0053,6.0347,6.0635,6.0917,6.1192,6.1462,6.1726,6.1984,6.2236,6.2482,6.2723,6.2959,6.3189,6.3413,6.3633,6.3847,6.4056,6.426,6.4459,6.4653,6.4843,6.5027,6.5206,6.5381,6.5551,6.5717,6.5877,6.6034,6.6185,6.6332,6.6475,6.6613,6.6747,6.6876,6.7001,6.7121,6.7237,6.7349,6.7456,6.7559,6.7657,6.7751,6.7841,6.7926,6.8007,6.8083,6.8155,6.8222,6.8284,6.8342,6.8395,6.8444,6.8487,6.8526,6.856,6.8589,6.8613,6.8632,6.8645,6.8654,6.8656
4.2312,4.2958,4.3592,4.4214,4.4824,4.5422,4.6009,4.6584,4.7148,4.77,4.8243,4.8774,4.9296,4.9807,5.0308,5.0799,5.128,5.1752,5.2215,5.2669,5.3113,5.3549,5.3976,5.4395,5.4805,5.5207,5.5601,5.5986,5.6365,5.6735,5.7098,5.7453,5.7801,5.8142,5.8476,5.8803,5.9124,5.9437,5.9744,6.0044,6.0338,6.0626,6.0908,6.1183,6.1453,6.1716,6.1974,6.2226,6.2473,6.2713,6.2949,6.3179,6.3403,6.3623,6.3837,6.4046,6.425,6.4449,6.4643,6.4832,6.5016,6.5195,6.537,6.554,6.5705,6.5866,6.6022,6.6174,6.6321,6.6463,6.6601,6.6735,6.6864,6.6989,6.7109,6.7225,6.7337,6.7444,6.7547,6.7645,6.7739,6.7829,6.7914,6.7994,6.807,6.8142,6.8209,6.8272,6.8329,6.8383,6.8431,6.8475,6.8514,6.8547,6.8576,6.86,6.8619,6.8633,6.8641,6.8643
4.2307,4.2954,4.3588,4.4209,4.4819,4.5417,4.6003,4.6578,4.7142,4.7695,4.8237,4.8769,4.929,4.9801,5.0302,5.0793,5.1274,5.1746,5.2209,5.2662,5.3107,5.3542,5.3969,5.4388,5.4798,5.52,5.5593,5.5979,5.6357,5.6728,5.709,5.7446,5.7794,5.8135,5.8468,5.8795,5.9115,5.9429,5.9736,6.0036,6.033,6.0618,6.0899,6.1174,6.1444,6.1707,6.1965,6.2217,6.2463,6.2704,6.2939,6.3169,6.3394,6.3613,6.3827,6.4036,6.424,6.4439,6.4632,6.4821,6.5006,6.5185,6.536,6.5529,6.5695,6.5855,6.6011,6.6163,6.631,6.6452,6.659,6.6724,6.6853,6.6978,6.7098,6.7214,6.7325,6.7432,6.7535,6.7633,6.7727,6.7817,6.7902,6.7982,6.8058,6.813,6.8197,6.8259,6.8317,6.837,6.8419,6.8462,6.8501,6.8535,6.8564,6.8588,6.8607,6.862,6.8628,6.8631
4.2303,4.2949,4.3583,4.4205,4.4814,4.5412,4.5998,4.6573,4.7137,4.769,4.8232,4.8763,4.9284,4.9795,5.0296,5.0787,5.1268,5.174,5.2202,5.2656,5.31,5.3536,5.3963,5.4381,5.4791,5.5193,5.5586,5.5972,5.635,5.672,5.7083,5.7438,5.7786,5.8127,5.8461,5.8787,5.9107,5.9421,5.9727,6.0028,6.0321,6.0609,6.089,6.1166,6.1435,6.1698,6.1956,6.2208,6.2454,6.2695,6.293,6.316,6.3384,6.3603,6.3817,6.4026,6.423,6.4428,6.4622,6.4811,6.4995,6.5174,6.5349,6.5519,6.5684,6.5844,6.6,6.6152,6.6299,6.6441,6.6579,6.6712,6.6841,6.6966,6.7086,6.7202,6.7314,6.7421,6.7523,6.7621,6.7715,6.7805,6.789,6.797,6.8046,6.8118,6.8185,6.8247,6.8305,6.8358,6.8406,6.845,6.8489,6.8523,6.8552,6.8576,6.8594,6.8608,6.8616,6.8619
4.2298,4.2944,4.3578,4.42,4.4809,4.5407,4.5993,4.6568,4.7132,4.7684,4.8226,4.8757,4.9278,4.9789,5.029,5.0781,5.1262,5.1734,5.2196,5.2649,5.3094,5.3529,5.3956,5.4374,5.4784,5.5186,5.5579,5.5965,5.6343,5.6713,5.7075,5.743,5.7778,5.8119,5.8453,5.8779,5.9099,5.9412,5.9719,6.0019,6.0313,6.06,6.0882,6.1157,6.1426,6.1689,6.1947,6.2199,6.2445,6.2685,6.292,6.315,6.3374,6.3593,6.3807,6.4016,6.422,6.4418,6.4612,6.4801,6.4985,6.5164,6.5338,6.5508,6.5673,6.5834,6.599,6.6141,6.6288,6.643,6.6568,6.6701,6.683,6.6955,6.7075,6.7191,6.7302,6.7409,6.7512,6.761,6.7704,6.7793,6.7878,6.7958,6.8034,6.8106,6.8173,6.8235,6.8293,6.8346,6.8394,6.8438,6.8477,6.8511,6.8539,6.8563,6.8582,6.8595,6.8604,6.8606
4.2294,4.294,4.3574,4.4195,4.4805,4.5402,4.5988,4.6563,4.7126,4.7679,4.8221,4.8752,4.9273,4.9784,5.0284,5.0775,5.1256,5.1728,5.219,5.2643,5.3087,5.3523,5.3949,5.4368,5.4777,5.5179,5.5572,5.5958,5.6336,5.6706,5.7068,5.7423,5.7771,5.8111,5.8445,5.8772,5.9091,5.9404,5.9711,6.0011,6.0305,6.0592,6.0873,6.1148,6.1417,6.1681,6.1938,6.219,6.2436,6.2676,6.2911,6.3141,6.3365,6.3584,6.3798,6.4006,6.421,6.4408,6.4602,6.4791,6.4975,6.5154,6.5328,6.5498,6.5663,6.5823,6.5979,6.613,6.6277,6.6419,6.6557,6.669,6.6819,6.6944,6.7064,6.7179,6.7291,6.7398,6.75,6.7598,6.7692,6.7781,6.7866,6.7947,6.8023,6.8094,6.8161,6.8223,6.8281,6.8334,6.8382,6.8426,6.8465,6.8499,6.8527,6.8551,6.857,6.8583,6.8592,6.8594
4.229,4.2936,4.3569,4.419,4.48,4.5397,4.5983,4.6558,4.7121,4.7674,4.8216,4.8747,4.9267,4.9778,5.0279,5.0769,5.125,5.1722,5.2184,5.2637,5.3081,5.3517,5.3943,5.4361,5.4771,5.5172,5.5566,5.5951,5.6329,5.6699,5.7061,5.7416,5.7763,5.8104,5.8437,5.8764,5.9084,5.9397,5.9703,6.0003,6.0297,6.0584,6.0865,6.114,6.1409,6.1672,6.1929,6.2181,6.2427,6.2667,6.2902,6.3132,6.3356,6.3575,6.3788,6.3997,6.42,6.4399,6.4592,6.4781,6.4965,6.5144,6.5318,6.5488,6.5653,6.5813,6.5969,6.612,6.6266,6.6409,6.6546,6.668,6.6808,6.6933,6.7053,6.7168,6.728,6.7387,6.7489,6.7587,6.7681,6.777,6.7855,6.7935,6.8011,6.8083,6.8149,6.8212,6.8269,6.8322,6.8371,6.8414,6.8453,6.8487,6.8516,6.854,6.8558,6.8572,6.858,6.8583
4.2285,4.2931,4.3565,4.4186,4.4795,4.5393,4.5979,4.6553,4.7116,4.7669,4.821,4.8742,4.9262,4.9773,5.0273,5.0764,5.1245,5.1716,5.2178,5.2631,5.3075,5.351,5.3937,5.4355,5.4764,5.5166,5.5559,5.5944,5.6322,5.6692,5.7054,5.7409,5.7756,5.8097,5.843,5.8757,5.9076,5.9389,5.9695,5.9995,6.0289,6.0576,6.0857,6.1132,6.1401,6.1664,6.1921,6.2172,6.2418,6.2658,6.2893,6.3123,6.3347,6.3566,6.3779,6.3988,6.4191,6.4389,6.4583,6.4771,6.4955,6.5134,6.5308,6.5478,6.5643,6.5803,6.5959,6.611,6.6256,6.6398,6.6536,6.6669,6.6798,6.6922,6.7042,6.7158,6.7269,6.7376,6.7478,6.7576,6.767,6.7759,6.7844,6.7924,6.8,6.8071,6.8138,6.82,6.8258,6.8311,6.8359,6.8403,6.8442,6.8475,6.8504,6.8528,6.8547,6.856,6.8568,6.8571
4.2281,4.2927,4.356,4.4182,4.4791,4.5388,4.5974,4.6548,4.7112,4.7664,4.8206,4.8736,4.9257,4.9767,5.0268,5.0758,5.1239,5.1711,5.2173,5.2625,5.3069,5.3504,5.3931,5.4349,5.4758,5.5159,5.5553,5.5938,5.6315,5.6685,5.7047,5.7402,5.7749,5.809,5.8423,5.8749,5.9069,5.9382,5.9688,5.9988,6.0281,6.0568,6.0849,6.1124,6.1393,6.1656,6.1913,6.2164,6.241,6.265,6.2885,6.3114,6.3338,6.3557,6.377,6.3979,6.4182,6.438,6.4574,6.4762,6.4946,6.5125,6.5299,6.5468,6.5633,6.5793,6.5949,6.61,6.6246,6.6388,6.6526,6.6659,6.6788,6.6912,6.7032,6.7147,6.7258,6.7365,6.7468,6.7566,6.7659,6.7748,6.7833,6.7913,6.7989,6.806,6.8127,6.8189,6.8247,6.83,6.8348,6.8392,6.8431,6.8464,6.8493,6.8517,6.8536,6.8549,6.8557,6.856
4.2277,4.2923,4.3556,4.4177,4.4786,4.5384,4.5969,4.6544,4.7107,4.7659,4.8201,4.8732,4.9252,4.9762,5.0263,5.0753,5.1234,5.1705,5.2167,5.262,5.3064,5.3499,5.3925,5.4343,5.4752,5.5153,5.5546,5.5931,5.6309,5.6678,5.704,5.7395,5.7743,5.8083,5.8416,5.8742,5.9062,5.9374,5.9681,5.998,6.0273,6.056,6.0841,6.1116,6.1385,6.1648,6.1905,6.2156,6.2402,6.2642,6.2876,6.3106,6.3329,6.3548,6.3761,6.397,6.4173,6.4371,6.4565,6.4753,6.4937,6.5115,6.5289,6.5459,6.5623,6.5784,6.5939,6.609,6.6236,6.6378,6.6516,6.6649,6.6778,6.6902,6.7022,6.7137,6.7248,6.7355,6.7457,6.7555,6.7649,6.7738,6.7822,6.7903,6.7979,6.805,6.8117,6.8179,6.8236,6.8289,6.8338,6.8381,6.842,6.8453,6.8482,6.8506,6.8525,6.8538,6.8546,6.8549
4.2273,4.2919,4.3552,4.4173,4.4782,4.5379,4.5965,4.6539,4.7102,4.7655,4.8196,4.8727,4.9247,4.9757,5.0258,5.0748,5.1229,5.17,5.2162,5.2614,5.3058,5.3493,5.3919,5.4337,5.4746,5.5147,5.554,5.5925,5.6302,5.6672,5.7034,5.7389,5.7736,5.8076,5.8409,5.8735,5.9055,5.9367,5.9673,5.9973,6.0266,6.0553,6.0834,6.1108,6.1377,6.164,6.1897,6.2148,6.2394,6.2634,6.2868,6.3097,6.3321,6.354,6.3753,6.3961,6.4164,6.4363,6.4556,6.4744,6.4928,6.5106,6.528,6.545,6.5614,6.5774,6.593,6.6081,6.6227,6.6369,6.6506,6.6639,6.6768,6.6892,6.7012,6.7127,6.7238,6.7345,6.7447,6.7545,6.7638,6.7728,6.7812,6.7892,6.7968,6.8039,6.8106,6.8168,6.8226,6.8279,6.8327,6.837,6.8409,6.8443,6.8472,6.8495,6.8514,6.8527,6.8536,6.8538
4.2269,4.2915,4.3548,4.4169,4.4778,4.5375,4.5961,4.6535,4.7098,4.765,4.8191,4.8722,4.9242,4.9752,5.0253,5.0743,5.1223,5.1695,5.2156,5.2609,5.3053,5.3487,5.3914,5.4331,5.474,5.5141,5.5534,5.5919,5.6296,5.6666,5.7028,5.7382,5.7729,5.8069,5.8402,5.8729,5.9048,5.936,5.9666,5.9966,6.0259,6.0546,6.0826,6.1101,6.137,6.1632,6.1889,6.214,6.2386,6.2626,6.286,6.3089,6.3313,6.3531,6.3745,6.3953,6.4156,6.4354,6.4547,6.4735,6.4919,6.5097,6.5271,6.5441,6.5605,6.5765,6.592,6.6071,6.6218,6.6359,6.6497,6.663,6.6758,6.6882,6.7002,6.7117,6.7228,6.7335,6.7437,6.7535,6.7628,6.7717,6.7802,6.7882,6.7958,6.8029,6.8096,6.8158,6.8216,6.8268,6.8317,6.836,6.8399,6.8432,6.8461,6.8485,6.8504,6.8517,6.8525,6.8528
4.2266,4.2911,4.3544,4.4165,4.4774,4.5371,4.5957,4.6531,4.7094,4.7646,4.8187,4.8717,4.9238,4.9748,5.0248,5.0738,5.1218,5.1689,5.2151,5.2604,5.3047,5.3482,5.3908,5.4325,5.4735,5.5136,5.5528,5.5913,5.629,5.666,5.7021,5.7376,5.7723,5.8063,5.8396,5.8722,5.9041,5.9354,5.9659,5.9959,6.0252,6.0539,6.0819,6.1094,6.1362,6.1625,6.1881,6.2133,6.2378,6.2618,6.2852,6.3081,6.3305,6.3523,6.3736,6.3945,6.4148,6.4346,6.4539,6.4727,6.491,6.5089,6.5263,6.5432,6.5596,6.5756,6.5911,6.6062,6.6208,6.635,6.6488,6.662,6.6749,6.6873,6.6993,6.7108,6.7219,6.7325,6.7427,6.7525,6.7619,6.7708,6.7792,6.7872,6.7948,6.8019,6.8086,6.8148,6.8205,6.8258,6.8306,6.835,6.8388,6.8422,6.8451,6.8475,6.8493,6.8507,6.8515,6.8518
4.2262,4.2907,4.354,4.4161,4.477,4.5367,4.5952,4.6526,4.7089,4.7641,4.8182,4.8713,4.9233,4.9743,5.0243,5.0733,5.1213,5.1684,5.2146,5.2598,5.3042,5.3477,5.3903,5.432,5.4729,5.513,5.5523,5.5907,5.6284,5.6654,5.7015,5.737,5.7717,5.8057,5.8389,5.8715,5.9034,5.9347,5.9653,5.9952,6.0245,6.0532,6.0812,6.1086,6.1355,6.1617,6.1874,6.2125,6.237,6.261,6.2845,6.3073,6.3297,6.3515,6.3728,6.3936,6.4139,6.4337,6.453,6.4718,6.4902,6.508,6.5254,6.5423,6.5588,6.5747,6.5903,6.6053,6.6199,6.6341,6.6478,6.6611,6.674,6.6864,6.6983,6.7098,6.7209,6.7316,6.7418,6.7516,6.7609,6.7698,6.7783,6.7863,6.7938,6.8009,6.8076,6.8138,6.8196,6.8248,6.8297,6.834,6.8379,6.8412,6.8441,6.8465,6.8483,6.8497,6.8505,6.8508
4.2258,4.2904,4.3537,4.4157,4.4766,4.5363,4.5948,4.6522,4.7085,4.7637,4.8178,4.8708,4.9228,4.9738,5.0238,5.0728,5.1209,5.1679,5.2141,5.2593,5.3037,5.3471,5.3897,5.4315,5.4724,5.5124,5.5517,5.5902,5.6279,5.6648,5.7009,5.7364,5.7711,5.805,5.8383,5.8709,5.9028,5.934,5.9646,5.9945,6.0238,6.0525,6.0805,6.1079,6.1348,6.161,6.1867,6.2118,6.2363,6.2603,6.2837,6.3066,6.3289,6.3508,6.3721,6.3929,6.4131,6.4329,6.4522,6.471,6.4893,6.5072,6.5246,6.5415,6.5579,6.5739,6.5894,6.6045,6.6191,6.6332,6.647,6.6602,6.6731,6.6855,6.6974,6.7089,6.72,6.7307,6.7409,6.7506,6.76,6.7689,6.7773,6.7853,6.7929,6.8,6.8066,6.8128,6.8186,6.8239,6.8287,6.833,6.8369,6.8402,6.8431,6.8455,6.8473,6.8487,6.8495,6.8498
