10,10,10,10,10,10,10,10,10,10,10,10,10,10,10,10,10,10,10,10,10,10,10,10,10,10,10,10,10,10,10,10,10,10,10,10,10,10,10,10,10,10,10,10,10,10,10,10,10,10,10,10,10,10,10,10,10,10,10,10,10,10,10,10,10,10,10,10,10,10,10,10,10,10,10,10,10,10,10,10,10,10,10,10,10,10,10,10,10,10,10,10,10,10,10,10,10,10,10,10
9.5047,9.4952,9.4867,9.479,9.4722,9.466,9.4606,9.4557,9.4515,9.4477,9.4444,9.4415,9.439,9.4368,9.4349,9.4332,9.4318,9.4306,9.4296,9.4287,9.4279,9.4273,9.4268,9.4263,9.4259,9.4256,9.4253,9.4251,9.4249,9.4248,9.4247,9.4246,9.4245,9.4244,9.4244,9.4243,9.4243,9.4242,9.4242,9.4242,9.4242,9.4242,9.4242,9.4242,9.4242,9.4241,9.4241,9.4241,9.4241,9.4241,9.4241,9.4241,9.4241,9.4241,9.4241,9.4241,9.4241,9.4241,9.4241,9.4241,9.4241,9.4241,9.4241,9.4241,9.4241,9.4241,9.4241,9.4241,9.4241,9.4241,9.4241,9.4241,9.4241,9.4241,9.4241,9.4241,9.4241,9.4241,9.4241,9.4241,9.4241,9.4241,9.4241,9.4241,9.4241,9.4241,9.4241,9.4241,9.4241,9.4241,9.4241,9.4241,9.4241,9.4241,9.4241,9.4241,9.4241,9.4241,9.4241,9.4241
9.1001,9.0825,9.0662,9.051,9.0369,9.0237,9.0116,9.0004,8.99,8.9805,8.9717,8.9636,8.9561,8.9493,8.9431,8.9374,8.9322,8.9275,8.9232,8.9193,8.9158,8.9126,8.9098,8.9072,8.9048,8.9027,8.9009,8.8992,8.8977,8.8964,8.8952,8.8941,8.8932,8.8924,8.8916,8.891,8.8904,8.8899,8.8895,8.8891,8.8888,8.8885,8.8882,8.888,8.8878,8.8876,8.8875,8.8874,8.8873,8.8872,8.8871,8.887,8.887,8.8869,8.8869,8.8868,8.8868,8.8868,8.8867,8.8867,8.8867,8.8867,8.8867,8.8867,8.8867,8.8867,8.8867,8.8866,8.8866,8.8866,8.8866,8.8866,8.8866,8.8866,8.8866,8.8866,8.8866,8.8866,8.8866,8.8866,8.8866,8.8866,8.8866,8.8866,8.8866,8.8866,8.8866,8.8866,8.8866,8.8866,8.8866,8.8866,8.8866,8.8866,8.8866,8.8866,8.8866,8.8866,8.8866,8.8866
8.7542,8.7297,8.7066,8.6847,8.6641,8.6447,8.6264,8.6092,8.593,8.5778,8.5635,8.5502,8.5377,8.5259,8.515,8.5048,8.4953,8.4864,8.4782,8.4705,8.4634,8.4568,8.4506,8.445,8.4398,8.4349,8.4305,8.4264,8.4226,8.4191,8.4159,8.413,8.4103,8.4079,8.4057,8.4036,8.4018,8.4001,8.3986,8.3972,8.3959,8.3948,8.3937,8.3928,8.392,8.3912,8.3905,8.3899,8.3894,8.3889,8.3884,8.388,8.3877,8.3874,8.3871,8.3868,8.3866,8.3864,8.3862,8.3861,8.3859,8.3858,8.3857,8.3856,8.3855,8.3855,8.3854,8.3853,8.3853,8.3852,8.3852,8.3852,8.3851,8.3851,8.3851,8.3851,8.3851,8.385,8.385,8.385,8.385,8.385,8.385,8.385,8.385,8.385,8.385,8.385,8.385,8.385,8.385,8.385,8.385,8.385,8.385,8.385,8.385,8.385,8.385,8.385
8.4536,8.423,8.394,8.3663,8.3399,8.3148,8.291,8.2683,8.2468,8.2264,8.207,8.1887,8.1713,8.1549,8.1394,8.1247,8.1109,8.0978,8.0855,8.074,8.0631,8.0528,8.0432,8.0341,8.0257,8.0177,8.0103,8.0033,7.9968,7.9907,7.9851,7.9798,7.9748,7.9703,7.966,7.962,7.9583,7.9549,7.9518,7.9488,7.9461,7.9436,7.9413,7.9392,7.9372,7.9354,7.9337,7.9322,7.9308,7.9295,7.9283,7.9272,7.9262,7.9253,7.9245,7.9238,7.9231,7.9225,7.9219,7.9214,7.9209,7.9205,7.9201,7.9198,7.9194,7.9192,7.9189,7.9187,7.9185,7.9183,7.9181,7.918,7.9178,7.9177,7.9176,7.9175,7.9174,7.9173,7.9173,7.9172,7.9171,7.9171,7.917,7.917,7.917,7.9169,7.9169,7.9169,7.9169,7.9169,7.9168,7.9168,7.9168,7.9168,7.9168,7.9168,7.9168,7.9168,7.9168,7.9168
8.1903,8.1545,8.1202,8.0873,8.0558,8.0257,7.9968,7.9692,7.9429,7.9177,7.8937,7.8708,7.8489,7.8281,7.8082,7.7893,7.7713,7.7543,7.738,7.7226,7.708,7.6941,7.6809,7.6685,7.6566,7.6455,7.6349,7.6249,7.6155,7.6066,7.5982,7.5903,7.5829,7.5759,7.5693,7.5631,7.5573,7.5518,7.5467,7.5419,7.5374,7.5332,7.5292,7.5256,7.5221,7.5189,7.5159,7.5131,7.5105,7.5081,7.5059,7.5038,7.5019,7.5001,7.4984,7.4969,7.4955,7.4941,7.4929,7.4918,7.4908,7.4898,7.4889,7.4881,7.4874,7.4867,7.4861,7.4855,7.485,7.4845,7.4841,7.4837,7.4833,7.483,7.4827,7.4824,7.4821,7.4819,7.4817,7.4815,7.4813,7.4812,7.481,7.4809,7.4808,7.4807,7.4806,7.4805,7.4804,7.4804,7.4803,7.4803,7.4802,7.4802,7.4801,7.4801,7.4801,7.4801,7.4801,7.4801
7.9581,7.9176,7.8787,7.8412,7.8051,7.7705,7.7372,7.7052,7.6744,7.645,7.6167,7.5896,7.5636,7.5387,7.5148,7.492,7.4701,7.4493,7.4293,7.4102,7.392,7.3747,7.3581,7.3423,7.3272,7.3129,7.2993,7.2863,7.2739,7.2622,7.251,7.2404,7.2304,7.2209,7.2118,7.2033,7.1952,7.1875,7.1803,7.1734,7.1669,7.1608,7.1551,7.1496,7.1445,7.1397,7.1351,7.1309,7.1269,7.1231,7.1195,7.1162,7.1131,7.1102,7.1074,7.1049,7.1025,7.1002,7.0982,7.0962,7.0944,7.0927,7.0911,7.0896,7.0883,7.087,7.0858,7.0847,7.0837,7.0828,7.0819,7.0811,7.0803,7.0796,7.079,7.0784,7.0779,7.0774,7.0769,7.0765,7.0761,7.0757,7.0754,7.0751,7.0748,7.0746,7.0744,7.0742,7.074,7.0738,7.0737,7.0736,7.0734,7.0733,7.0733,7.0732,7.0732,7.0731,7.0731,7.0731
7.7523,7.7076,7.6646,7.623,7.5828,7.5441,7.5068,7.4709,7.4362,7.4028,7.3707,7.3397,7.31,7.2814,7.2538,7.2274,7.202,7.1776,7.1542,7.1317,7.1102,7.0895,7.0698,7.0508,7.0326,7.0153,6.9987,6.9828,6.9676,6.9531,6.9392,6.926,6.9134,6.9013,6.8898,6.8789,6.8685,6.8586,6.8491,6.8402,6.8316,6.8235,6.8159,6.8085,6.8016,6.7951,6.7888,6.7829,6.7773,6.7721,6.7671,6.7623,6.7579,6.7537,6.7497,6.7459,6.7424,6.739,6.7359,6.733,6.7302,6.7276,6.7251,6.7228,6.7206,6.7186,6.7167,6.7149,6.7132,6.7117,6.7102,6.7089,6.7076,6.7064,6.7053,6.7043,6.7033,6.7024,6.7016,6.7008,6.7001,6.6994,6.6988,6.6983,6.6978,6.6973,6.6969,6.6965,6.6961,6.6958,6.6955,6.6953,6.695,6.6948,6.6947,6.6946,6.6945,6.6944,6.6943,6.6943
7.5692,7.5209,7.4742,7.4289,7.3852,7.3428,7.3019,7.2624,7.2242,7.1873,7.1517,7.1173,7.0841,7.0521,7.0212,6.9915,6.9628,6.9352,6.9086,6.8829,6.8583,6.8346,6.8118,6.7899,6.7688,6.7486,6.7291,6.7105,6.6926,6.6754,6.6589,6.6432,6.628,6.6136,6.5997,6.5864,6.5737,6.5616,6.55,6.5389,6.5283,6.5182,6.5085,6.4993,6.4905,6.4821,6.4742,6.4666,6.4593,6.4525,6.4459,6.4397,6.4338,6.4282,6.4229,6.4178,6.413,6.4085,6.4041,6.4001,6.3962,6.3925,6.3891,6.3858,6.3827,6.3798,6.3771,6.3745,6.372,6.3697,6.3675,6.3655,6.3636,6.3618,6.3601,6.3585,6.357,6.3556,6.3543,6.3531,6.352,6.351,6.35,6.3491,6.3482,6.3475,6.3468,6.3461,6.3455,6.345,6.3445,6.3441,6.3437,6.3434,6.3431,6.3429,6.3427,6.3426,6.3425,6.3425
7.4059,7.3543,7.3043,7.2558,7.2087,7.1632,7.119,7.0763,7.0349,6.9948,6.956,6.9185,6.8822,6.8471,6.8132,6.7804,6.7487,6.7182,6.6886,6.6601,6.6326,6.6061,6.5805,6.5558,6.532,6.5091,6.4871,6.4658,6.4454,6.4257,6.4067,6.3885,6.371,6.3542,6.338,6.3225,6.3076,6.2933,6.2796,6.2664,6.2538,6.2417,6.2301,6.219,6.2084,6.1982,6.1885,6.1792,6.1703,6.1618,6.1537,6.1459,6.1385,6.1315,6.1247,6.1183,6.1122,6.1063,6.1008,6.0955,6.0905,6.0857,6.0812,6.0769,6.0728,6.0689,6.0652,6.0617,6.0584,6.0552,6.0523,6.0495,6.0468,6.0443,6.0419,6.0397,6.0376,6.0356,6.0338,6.0321,6.0304,6.0289,6.0275,6.0262,6.0249,6.0238,6.0227,6.0218,6.0209,6.0201,6.0194,6.0187,6.0182,6.0177,6.0173,6.0169,6.0167,6.0165,6.0164,6.0163
7.26,7.2054,7.1524,7.101,7.051,7.0025,6.9555,6.9098,6.8655,6.8226,6.781,6.7406,6.7015,6.6636,6.6269,6.5914,6.557,6.5237,6.4915,6.4603,6.4301,6.401,6.3728,6.3456,6.3193,6.2939,6.2694,6.2457,6.2229,6.2008,6.1796,6.1591,6.1393,6.1203,6.1019,6.0842,6.0672,6.0508,6.0351,6.0199,6.0054,5.9913,5.9779,5.9649,5.9525,5.9406,5.9291,5.9181,5.9076,5.8975,5.8878,5.8785,5.8696,5.8611,5.8529,5.8451,5.8377,5.8305,5.8237,5.8172,5.811,5.805,5.7993,5.7939,5.7888,5.7839,5.7792,5.7747,5.7705,5.7665,5.7626,5.759,5.7556,5.7523,5.7492,5.7463,5.7435,5.7409,5.7384,5.7361,5.7339,5.7319,5.7299,5.7282,5.7265,5.7249,5.7235,5.7222,5.721,5.7199,5.7189,5.718,5.7172,5.7165,5.7159,5.7155,5.7151,5.7148,5.7147,5.7146
7.1294,7.0722,7.0166,6.9625,6.9099,6.8588,6.8091,6.7608,6.714,6.6684,6.6242,6.5813,6.5396,6.4992,6.46,6.4219,6.385,6.3492,6.3146,6.2809,6.2484,6.2168,6.1863,6.1567,6.1281,6.1004,6.0735,6.0476,6.0225,5.9983,5.9748,5.9522,5.9303,5.9092,5.8888,5.8691,5.8501,5.8317,5.814,5.797,5.7805,5.7646,5.7494,5.7347,5.7205,5.7068,5.6937,5.6811,5.6689,5.6572,5.646,5.6352,5.6248,5.6149,5.6053,5.5961,5.5873,5.5789,5.5708,5.563,5.5556,5.5485,5.5417,5.5351,5.5289,5.5229,5.5172,5.5118,5.5066,5.5017,5.497,5.4925,5.4882,5.4841,5.4803,5.4766,5.4731,5.4698,5.4667,5.4638,5.461,5.4584,5.4559,5.4536,5.4515,5.4495,5.4476,5.4459,5.4443,5.4429,5.4416,5.4405,5.4394,5.4386,5.4378,5.4372,5.4367,5.4363,5.4361,5.4361
7.0127,6.9531,6.8952,6.8387,6.7838,6.7303,6.6783,6.6277,6.5784,6.5306,6.484,6.4388,6.3948,6.352,6.3105,6.2702,6.231,6.1929,6.156,6.1202,6.0854,6.0516,6.0189,5.9871,5.9564,5.9265,5.8976,5.8696,5.8424,5.8161,5.7906,5.766,5.7421,5.719,5.6967,5.675,5.6541,5.6339,5.6144,5.5955,5.5773,5.5597,5.5427,5.5262,5.5104,5.4951,5.4803,5.4661,5.4524,5.4392,5.4264,5.4142,5.4024,5.391,5.38,5.3695,5.3594,5.3496,5.3403,5.3313,5.3226,5.3143,5.3064,5.2987,5.2914,5.2844,5.2777,5.2712,5.2651,5.2592,5.2536,5.2482,5.2431,5.2382,5.2335,5.2291,5.2249,5.2209,5.2171,5.2135,5.2101,5.2069,5.2039,5.2011,5.1984,5.196,5.1937,5.1916,5.1896,5.1879,5.1863,5.1848,5.1835,5.1824,5.1815,5.1807,5.1801,5.1797,5.1794,5.1793
6.9076,6.8459,6.7858,6.7273,6.6702,6.6146,6.5604,6.5077,6.4564,6.4064,6.3577,6.3103,6.2642,6.2194,6.1758,6.1334,6.0921,6.052,6.013,5.9752,5.9383,5.9026,5.8678,5.8341,5.8013,5.7695,5.7386,5.7087,5.6796,5.6514,5.6241,5.5975,5.5718,5.5469,5.5228,5.4994,5.4767,5.4547,5.4335,5.4129,5.393,5.3737,5.3551,5.3371,5.3196,5.3028,5.2865,5.2708,5.2556,5.2409,5.2267,5.213,5.1998,5.1871,5.1748,5.163,5.1516,5.1406,5.13,5.1198,5.11,5.1006,5.0915,5.0828,5.0744,5.0663,5.0586,5.0512,5.0441,5.0373,5.0308,5.0245,5.0185,5.0128,5.0074,5.0022,4.9973,4.9926,4.9881,4.9839,4.9799,4.9761,4.9725,4.9692,4.966,4.9631,4.9604,4.9578,4.9555,4.9534,4.9515,4.9497,4.9482,4.9469,4.9457,4.9448,4.9441,4.9435,4.9432,4.9431
6.8133,6.7498,6.6877,6.6273,6.5683,6.5108,6.4547,6.4,6.3468,6.2949,6.2443,6.195,6.147,6.1003,6.0548,6.0105,5.9673,5.9254,5.8845,5.8447,5.8061,5.7685,5.7319,5.6963,5.6617,5.6281,5.5955,5.5637,5.5329,5.5029,5.4738,5.4456,5.4182,5.3916,5.3657,5.3407,5.3164,5.2928,5.2699,5.2478,5.2263,5.2055,5.1853,5.1658,5.1468,5.1285,5.1108,5.0936,5.077,5.0609,5.0454,5.0304,5.0159,5.0018,4.9883,4.9752,4.9626,4.9504,4.9386,4.9272,4.9163,4.9058,4.8956,4.8858,4.8764,4.8673,4.8586,4.8502,4.8422,4.8345,4.8271,4.82,4.8132,4.8067,4.8005,4.7945,4.7889,4.7835,4.7783,4.7735,4.7688,4.7645,4.7603,4.7565,4.7528,4.7494,4.7462,4.7433,4.7406,4.7381,4.7359,4.7339,4.7321,4.7305,4.7292,4.7281,4.7272,4.7266,4.7263,4.7261
6.7284,6.6631,6.5993,6.5371,6.4764,6.4172,6.3594,6.303,6.248,6.1943,6.142,6.091,6.0413,5.9929,5.9456,5.8996,5.8547,5.8111,5.7685,5.727,5.6867,5.6474,5.6091,5.5719,5.5356,5.5004,5.4661,5.4327,5.4002,5.3687,5.338,5.3082,5.2792,5.251,5.2236,5.197,5.1712,5.1461,5.1217,5.0981,5.0752,5.0529,5.0313,5.0103,4.99,4.9703,4.9512,4.9327,4.9148,4.8974,4.8806,4.8643,4.8485,4.8333,4.8185,4.8042,4.7904,4.7771,4.7642,4.7518,4.7397,4.7281,4.7169,4.7061,4.6957,4.6857,4.676,4.6668,4.6578,4.6492,4.641,4.633,4.6254,4.6182,4.6112,4.6045,4.5981,4.5921,4.5863,4.5808,4.5756,4.5706,4.566,4.5616,4.5574,4.5536,4.55,4.5466,4.5435,4.5407,4.5382,4.5359,4.5338,4.532,4.5305,4.5293,4.5283,4.5276,4.5272,4.527
6.6515,6.5846,6.5193,6.4555,6.3933,6.3325,6.2731,6.2151,6.1586,6.1034,6.0495,5.9969,5.9456,5.8956,5.8468,5.7992,5.7528,5.7076,5.6634,5.6204,5.5785,5.5377,5.4979,5.4592,5.4214,5.3846,5.3488,5.3139,5.28,5.247,5.2148,5.1835,5.1531,5.1235,5.0947,5.0666,5.0394,5.0129,4.9872,4.9622,4.9379,4.9143,4.8914,4.8691,4.8475,4.8265,4.8062,4.7864,4.7672,4.7487,4.7306,4.7132,4.6962,4.6798,4.6639,4.6486,4.6337,4.6192,4.6053,4.5918,4.5788,4.5662,4.554,4.5422,4.5309,4.5199,4.5094,4.4992,4.4894,4.48,4.4709,4.4622,4.4539,4.4458,4.4381,4.4308,4.4237,4.417,4.4106,4.4045,4.3987,4.3932,4.388,4.3832,4.3785,4.3742,4.3702,4.3665,4.363,4.3599,4.357,4.3545,4.3522,4.3502,4.3485,4.3471,4.346,4.3452,4.3447,4.3446
6.5823,6.5141,6.4474,6.3822,6.3185,6.2563,6.1955,6.1361,6.0781,6.0215,5.9662,5.9122,5.8595,5.8081,5.7578,5.7088,5.661,5.6144,5.5688,5.5244,5.4811,5.4389,5.3977,5.3575,5.3184,5.2802,5.243,5.2068,5.1715,5.1371,5.1036,5.071,5.0392,5.0083,4.9781,4.9488,4.9203,4.8925,4.8655,4.8392,4.8137,4.7888,4.7647,4.7412,4.7184,4.6962,4.6747,4.6538,4.6334,4.6137,4.5946,4.576,4.558,4.5405,4.5235,4.5071,4.4912,4.4757,4.4608,4.4463,4.4323,4.4188,4.4057,4.393,4.3808,4.3689,4.3575,4.3465,4.3359,4.3257,4.3159,4.3064,4.2973,4.2886,4.2802,4.2722,4.2645,4.2571,4.2501,4.2435,4.2371,4.2311,4.2254,4.22,4.215,4.2102,4.2058,4.2017,4.1979,4.1944,4.1913,4.1884,4.1859,4.1837,4.1819,4.1803,4.1791,4.1782,4.1777,4.1775
6.5195,6.45,6.382,6.3156,6.2506,6.1871,6.125,6.0644,6.0051,5.9472,5.8906,5.8353,5.7813,5.7285,5.677,5.6267,5.5776,5.5297,5.4828,5.4372,5.3926,5.3491,5.3066,5.2652,5.2247,5.1853,5.1469,5.1094,5.0728,5.0372,5.0025,4.9686,4.9356,4.9034,4.8721,4.8416,4.8119,4.7829,4.7548,4.7273,4.7006,4.6746,4.6493,4.6247,4.6008,4.5775,4.5549,4.5329,4.5115,4.4908,4.4706,4.451,4.4319,4.4134,4.3955,4.3781,4.3612,4.3448,4.329,4.3136,4.2987,4.2842,4.2703,4.2568,4.2437,4.2311,4.2189,4.2071,4.1957,4.1848,4.1742,4.164,4.1542,4.1448,4.1358,4.1272,4.1189,4.1109,4.1034,4.0962,4.0893,4.0828,4.0766,4.0708,4.0653,4.0602,4.0554,4.0509,4.0468,4.043,4.0396,4.0365,4.0338,4.0314,4.0293,4.0277,4.0263,4.0254,4.0248,4.0246
6.463,6.3924,6.3232,6.2556,6.1895,6.1248,6.0616,5.9998,5.9393,5.8802,5.8225,5.766,5.7108,5.6569,5.6042,5.5528,5.5025,5.4534,5.4054,5.3585,5.3128,5.2681,5.2245,5.1819,5.1403,5.0997,5.0601,5.0215,4.9838,4.947,4.9112,4.8762,4.8421,4.8088,4.7764,4.7447,4.7139,4.6839,4.6546,4.6261,4.5983,4.5713,4.545,4.5193,4.4944,4.4701,4.4464,4.4234,4.401,4.3793,4.3581,4.3376,4.3176,4.2982,4.2793,4.261,4.2432,4.226,4.2092,4.193,4.1772,4.162,4.1472,4.1329,4.119,4.1056,4.0927,4.0802,4.0681,4.0564,4.0452,4.0343,4.0239,4.0139,4.0043,3.995,3.9861,3.9777,3.9696,3.9618,3.9545,3.9475,3.9409,3.9346,3.9287,3.9232,3.9181,3.9133,3.9088,3.9048,3.9011,3.8977,3.8948,3.8922,3.89,3.8882,3.8868,3.8858,3.8852,3.885
6.4118,6.3401,6.2699,6.2013,6.1341,6.0684,6.0041,5.9412,5.8797,5.8196,5.7607,5.7032,5.647,5.592,5.5383,5.4857,5.4344,5.3842,5.3351,5.2872,5.2404,5.1946,5.15,5.1063,5.0637,5.0221,4.9814,4.9417,4.903,4.8652,4.8283,4.7922,4.7571,4.7228,4.6894,4.6567,4.6249,4.5939,4.5636,4.5341,4.5054,4.4773,4.45,4.4234,4.3975,4.3723,4.3477,4.3238,4.3005,4.2778,4.2558,4.2343,4.2135,4.1932,4.1735,4.1543,4.1357,4.1177,4.1001,4.0831,4.0666,4.0505,4.035,4.0199,4.0054,3.9913,3.9776,3.9644,3.9517,3.9393,3.9275,3.916,3.905,3.8943,3.8841,3.8743,3.8649,3.8559,3.8473,3.8391,3.8313,3.8239,3.8169,3.8102,3.8039,3.7981,3.7926,3.7875,3.7827,3.7784,3.7745,3.7709,3.7678,3.765,3.7627,3.7607,3.7592,3.7581,3.7575,3.7572
6.3654,6.2928,6.2217,6.1521,6.0839,6.0173,5.952,5.8882,5.8257,5.7646,5.7048,5.6464,5.5891,5.5332,5.4785,5.425,5.3726,5.3215,5.2715,5.2226,5.1748,5.1281,5.0824,5.0378,4.9942,4.9516,4.91,4.8694,4.8297,4.7909,4.753,4.7161,4.68,4.6448,4.6104,4.5768,4.5441,4.5121,4.481,4.4506,4.4209,4.392,4.3638,4.3363,4.3095,4.2834,4.258,4.2332,4.2091,4.1856,4.1627,4.1404,4.1188,4.0977,4.0772,4.0573,4.0379,4.0191,4.0008,3.983,3.9658,3.949,3.9328,3.917,3.9018,3.887,3.8727,3.8589,3.8455,3.8326,3.8201,3.8081,3.7965,3.7853,3.7746,3.7643,3.7544,3.7449,3.7358,3.7272,3.7189,3.7111,3.7037,3.6966,3.69,3.6838,3.678,3.6726,3.6676,3.663,3.6588,3.6551,3.6517,3.6488,3.6463,3.6443,3.6427,3.6415,3.6408,3.6406
6.3235,6.25,6.1781,6.1076,6.0386,5.9711,5.905,5.8403,5.777,5.715,5.6543,5.595,5.5369,5.48,5.4244,5.3701,5.3168,5.2648,5.2139,5.1641,5.1155,5.0679,5.0213,4.9758,4.9314,4.8879,4.8454,4.8039,4.7633,4.7237,4.685,4.6471,4.6102,4.5741,4.5389,4.5044,4.4708,4.4381,4.406,4.3748,4.3443,4.3146,4.2856,4.2573,4.2297,4.2028,4.1766,4.151,4.1261,4.1018,4.0782,4.0552,4.0328,4.011,3.9897,3.9691,3.949,3.9294,3.9105,3.892,3.8741,3.8567,3.8398,3.8234,3.8076,3.7922,3.7773,3.7628,3.7489,3.7354,3.7224,3.7098,3.6977,3.686,3.6748,3.664,3.6536,3.6437,3.6342,3.6251,3.6165,3.6083,3.6005,3.5931,3.5861,3.5796,3.5735,3.5678,3.5626,3.5577,3.5533,3.5494,3.5459,3.5428,3.5402,3.5381,3.5364,3.5352,3.5344,3.5342
6.2855,6.2113,6.1385,6.0673,5.9975,5.9292,5.8623,5.7968,5.7327,5.6699,5.6085,5.5483,5.4894,5.4318,5.3754,5.3202,5.2662,5.2134,5.1617,5.1111,5.0616,5.0132,4.9659,4.9196,4.8743,4.83,4.7867,4.7444,4.703,4.6626,4.6231,4.5845,4.5467,4.5099,4.4738,4.4387,4.4043,4.3707,4.3379,4.3059,4.2747,4.2442,4.2144,4.1854,4.1571,4.1294,4.1025,4.0762,4.0506,4.0256,4.0013,3.9776,3.9545,3.932,3.9101,3.8887,3.868,3.8478,3.8282,3.8091,3.7906,3.7726,3.7551,3.7381,3.7217,3.7057,3.6902,3.6753,3.6608,3.6468,3.6332,3.6202,3.6076,3.5954,3.5837,3.5725,3.5617,3.5513,3.5414,3.532,3.523,3.5144,3.5062,3.4985,3.4913,3.4845,3.4781,3.4722,3.4667,3.4616,3.457,3.4529,3.4492,3.446,3.4433,3.441,3.4393,3.438,3.4372,3.437
6.2514,6.1765,6.103,6.0311,5.9607,5.8916,5.824,5.7578,5.693,5.6295,5.5673,5.5065,5.4469,5.3885,5.3314,5.2755,5.2207,5.1672,5.1147,5.0634,5.0132,4.9641,4.916,4.869,4.823,4.778,4.734,4.6909,4.6488,4.6077,4.5674,4.5281,4.4897,4.4521,4.4153,4.3794,4.3443,4.3101,4.2766,4.2439,4.212,4.1808,4.1503,4.1206,4.0916,4.0633,4.0357,4.0087,3.9825,3.9568,3.9318,3.9075,3.8838,3.8606,3.8381,3.8162,3.7948,3.7741,3.7538,3.7342,3.7151,3.6965,3.6785,3.661,3.644,3.6275,3.6115,3.596,3.581,3.5665,3.5525,3.539,3.5259,3.5133,3.5012,3.4896,3.4784,3.4676,3.4574,3.4476,3.4382,3.4293,3.4208,3.4128,3.4053,3.3982,3.3915,3.3854,3.3797,3.3744,3.3696,3.3653,3.3615,3.3582,3.3553,3.353,3.3512,3.3498,3.349,3.3488
6.2205,6.1449,6.0709,5.9983,5.9272,5.8575,5.7893,5.7225,5.657,5.5928,5.53,5.4685,5.4082,5.3492,5.2915,5.2349,5.1795,5.1252,5.0722,5.0202,4.9693,4.9195,4.8708,4.8231,4.7764,4.7308,4.6861,4.6424,4.5996,4.5578,4.5169,4.4769,4.4378,4.3996,4.3622,4.3256,4.2899,4.255,4.2209,4.1875,4.155,4.1232,4.0921,4.0617,4.0321,4.0032,3.975,3.9474,3.9205,3.8943,3.8687,3.8438,3.8195,3.7958,3.7727,3.7502,3.7283,3.7069,3.6862,3.666,3.6463,3.6273,3.6087,3.5907,3.5732,3.5562,3.5398,3.5238,3.5084,3.4935,3.479,3.465,3.4516,3.4386,3.4261,3.414,3.4025,3.3914,3.3808,3.3706,3.3609,3.3517,3.3429,3.3347,3.3269,3.3195,3.3126,3.3062,3.3003,3.2949,3.2899,3.2855,3.2815,3.2781,3.2751,3.2727,3.2708,3.2694,3.2686,3.2683
6.1923,6.1162,6.0415,5.9684,5.8967,5.8265,5.7576,5.6902,5.6241,5.5594,5.496,5.4339,5.373,5.3134,5.255,5.1979,5.1419,5.087,5.0333,4.9808,4.9293,4.8789,4.8295,4.7812,4.734,4.6877,4.6424,4.5981,4.5548,4.5123,4.4708,4.4302,4.3905,4.3517,4.3137,4.2766,4.2402,4.2047,4.17,4.1361,4.1029,4.0706,4.0389,4.008,3.9778,3.9483,3.9195,3.8914,3.864,3.8372,3.8111,3.7856,3.7607,3.7365,3.7129,3.6899,3.6675,3.6456,3.6244,3.6037,3.5836,3.564,3.545,3.5265,3.5086,3.4912,3.4743,3.4579,3.442,3.4267,3.4118,3.3975,3.3836,3.3702,3.3574,3.345,3.3331,3.3217,3.3107,3.3003,3.2903,3.2808,3.2718,3.2632,3.2552,3.2476,3.2405,3.2339,3.2278,3.2222,3.2171,3.2125,3.2084,3.2048,3.2018,3.1993,3.1973,3.1959,3.195,3.1947
6.1667,6.09,6.0149,5.9412,5.869,5.7982,5.7289,5.6609,5.5943,5.529,5.4651,5.4024,5.341,5.2809,5.2219,5.1642,5.1077,5.0523,4.998,4.9449,4.8929,4.8419,4.7921,4.7432,4.6954,4.6486,4.6027,4.5579,4.514,4.471,4.4289,4.3878,4.3475,4.3081,4.2696,4.2319,4.1951,4.159,4.1238,4.0893,4.0556,4.0227,3.9905,3.9591,3.9284,3.8984,3.8691,3.8404,3.8125,3.7852,3.7586,3.7326,3.7073,3.6826,3.6585,3.635,3.6121,3.5898,3.5681,3.547,3.5264,3.5064,3.487,3.4681,3.4497,3.4319,3.4146,3.3978,3.3816,3.3658,3.3506,3.3359,3.3217,3.308,3.2948,3.2821,3.2698,3.2581,3.2469,3.2361,3.2259,3.2161,3.2069,3.1981,3.1898,3.182,3.1747,3.168,3.1617,3.1559,3.1507,3.1459,3.1417,3.138,3.1349,3.1323,3.1303,3.1288,3.128,3.1277
6.1437,6.0666,5.9909,5.9168,5.8441,5.7729,5.703,5.6346,5.5675,5.5018,5.4373,5.3742,5.3123,5.2516,5.1922,5.134,5.077,5.0211,4.9663,4.9127,4.8602,4.8087,4.7583,4.709,4.6607,4.6134,4.567,4.5217,4.4773,4.4338,4.3912,4.3496,4.3088,4.2689,4.2299,4.1917,4.1544,4.1178,4.0821,4.0472,4.013,3.9796,3.9469,3.915,3.8838,3.8533,3.8236,3.7945,3.7661,3.7383,3.7113,3.6848,3.6591,3.6339,3.6094,3.5855,3.5621,3.5394,3.5173,3.4958,3.4748,3.4544,3.4345,3.4152,3.3965,3.3783,3.3606,3.3435,3.3269,3.3108,3.2953,3.2802,3.2657,3.2517,3.2382,3.2251,3.2126,3.2006,3.1891,3.1781,3.1676,3.1576,3.1481,3.1391,3.1306,3.1227,3.1152,3.1082,3.1018,3.0959,3.0905,3.0856,3.0813,3.0776,3.0743,3.0717,3.0696,3.0681,3.0672,3.0669
6.1227,6.0452,5.9691,5.8945,5.8214,5.7497,5.6795,5.6106,5.5431,5.4769,5.412,5.3484,5.286,5.225,5.1651,5.1064,5.0489,4.9926,4.9374,4.8833,4.8303,4.7784,4.7276,4.6778,4.629,4.5812,4.5344,4.4886,4.4438,4.3998,4.3568,4.3147,4.2735,4.2332,4.1937,4.1551,4.1173,4.0803,4.0441,4.0087,3.9741,3.9403,3.9072,3.8748,3.8432,3.8123,3.7821,3.7525,3.7237,3.6956,3.6681,3.6412,3.615,3.5895,3.5645,3.5402,3.5165,3.4934,3.4709,3.449,3.4276,3.4069,3.3867,3.367,3.3479,3.3294,3.3114,3.2939,3.277,3.2606,3.2447,3.2294,3.2145,3.2002,3.1864,3.1732,3.1604,3.1481,3.1364,3.1251,3.1144,3.1042,3.0945,3.0853,3.0766,3.0684,3.0608,3.0537,3.0471,3.0411,3.0355,3.0306,3.0262,3.0223,3.019,3.0163,3.0142,3.0126,3.0117,3.0114
6.1034,6.0255,5.949,5.8741,5.8005,5.7285,5.6578,5.5885,5.5206,5.454,5.3887,5.3247,5.2619,5.2004,5.1402,5.0811,5.0232,4.9664,4.9108,4.8563,4.8029,4.7506,4.6993,4.6491,4.5999,4.5517,4.5045,4.4583,4.413,4.3686,4.3252,4.2827,4.2411,4.2003,4.1604,4.1214,4.0832,4.0458,4.0092,3.9734,3.9384,3.9041,3.8706,3.8379,3.8058,3.7745,3.7439,3.714,3.6848,3.6563,3.6284,3.6012,3.5746,3.5487,3.5234,3.4987,3.4747,3.4512,3.4283,3.4061,3.3844,3.3633,3.3427,3.3228,3.3033,3.2845,3.2662,3.2484,3.2312,3.2145,3.1983,3.1827,3.1676,3.153,3.139,3.1255,3.1124,3.0999,3.088,3.0765,3.0656,3.0551,3.0452,3.0359,3.027,3.0187,3.0109,3.0036,2.9969,2.9907,2.9851,2.9801,2.9755,2.9716,2.9683,2.9655,2.9633,2.9617,2.9608,2.9605
6.086,6.0077,5.9309,5.8556,5.7817,5.7093,5.6382,5.5686,5.5003,5.4333,5.3677,5.3033,5.2402,5.1783,5.1176,5.0582,4.9999,4.9428,4.8868,4.8319,4.7781,4.7254,4.6738,4.6232,4.5736,4.525,4.4774,4.4308,4.3852,4.3404,4.2966,4.2537,4.2117,4.1706,4.1303,4.0909,4.0523,4.0146,3.9776,3.9414,3.9061,3.8714,3.8376,3.8044,3.7721,3.7404,3.7094,3.6792,3.6496,3.6207,3.5925,3.5649,3.538,3.5118,3.4861,3.4611,3.4367,3.413,3.3898,3.3672,3.3452,3.3238,3.3029,3.2827,3.263,3.2438,3.2252,3.2072,3.1897,3.1727,3.1563,3.1404,3.1251,3.1103,3.096,3.0822,3.069,3.0563,3.0441,3.0324,3.0213,3.0107,3.0006,2.9911,2.9821,2.9736,2.9656,2.9582,2.9514,2.9451,2.9394,2.9342,2.9296,2.9256,2.9222,2.9194,2.9172,2.9156,2.9146,2.9143
6.0703,5.9916,5.9145,5.8389,5.7647,5.6919,5.6205,5.5506,5.4819,5.4146,5.3486,5.2839,5.2205,5.1583,5.0973,5.0375,4.9789,4.9214,4.8651,4.8098,4.7557,4.7027,4.6507,4.5997,4.5498,4.5009,4.453,4.406,4.36,4.3149,4.2708,4.2275,4.1852,4.1437,4.1031,4.0634,4.0244,3.9863,3.949,3.9125,3.8768,3.8418,3.8076,3.7742,3.7415,3.7095,3.6782,3.6476,3.6177,3.5885,3.56,3.5321,3.5049,3.4783,3.4524,3.4271,3.4024,3.3783,3.3548,3.3319,3.3097,3.288,3.2668,3.2463,3.2263,3.2069,3.1881,3.1698,3.152,3.1348,3.1182,3.1021,3.0865,3.0714,3.0569,3.043,3.0295,3.0166,3.0042,2.9924,2.9811,2.9703,2.9601,2.9504,2.9412,2.9326,2.9246,2.917,2.9101,2.9037,2.8979,2.8926,2.888,2.8839,2.8804,2.8775,2.8753,2.8737,2.8727,2.8723
6.0558,5.9769,5.8995,5.8236,5.7491,5.676,5.6043,5.5341,5.4651,5.3975,5.3312,5.2662,5.2025,5.1399,5.0786,5.0185,4.9596,4.9018,4.8452,4.7896,4.7352,4.6818,4.6295,4.5783,4.528,4.4788,4.4306,4.3833,4.337,4.2916,4.2471,4.2036,4.1609,4.1191,4.0782,4.0381,3.9989,3.9605,3.9228,3.886,3.85,3.8147,3.7802,3.7465,3.7135,3.6812,3.6496,3.6187,3.5885,3.559,3.5302,3.502,3.4745,3.4477,3.4215,3.3959,3.3709,3.3466,3.3228,3.2997,3.2771,3.2552,3.2338,3.213,3.1928,3.1731,3.1541,3.1355,3.1176,3.1001,3.0833,3.0669,3.0512,3.0359,3.0212,3.007,2.9934,2.9803,2.9678,2.9558,2.9443,2.9334,2.923,2.9132,2.9039,2.8951,2.887,2.8793,2.8723,2.8658,2.8599,2.8545,2.8498,2.8457,2.8421,2.8392,2.8369,2.8353,2.8343,2.834
6.0425,5.9633,5.8857,5.8094,5.7347,5.6614,5.5894,5.5189,5.4496,5.3818,5.3152,5.2499,5.1858,5.123,5.0614,5.0011,4.9418,4.8838,4.8268,4.771,4.7163,4.6627,4.6101,4.5585,4.508,4.4585,4.4099,4.3623,4.3157,4.2701,4.2253,4.1815,4.1385,4.0964,4.0552,4.0149,3.9753,3.9366,3.8987,3.8616,3.8253,3.7898,3.755,3.721,3.6877,3.6551,3.6233,3.5921,3.5617,3.5319,3.5028,3.4744,3.4466,3.4195,3.393,3.3672,3.342,3.3174,3.2934,3.27,3.2472,3.225,3.2034,3.1824,3.1619,3.1421,3.1228,3.104,3.0858,3.0682,3.0511,3.0346,3.0186,3.0032,2.9883,2.974,2.9602,2.947,2.9343,2.9221,2.9105,2.8994,2.8889,2.8789,2.8695,2.8606,2.8524,2.8446,2.8375,2.8309,2.8249,2.8195,2.8147,2.8105,2.8069,2.804,2.8017,2.8,2.799,2.7987
6.0306,5.9512,5.8733,5.7968,5.7218,5.6482,5.5761,5.5052,5.4358,5.3677,5.3008,5.2353,5.171,5.1079,5.0461,4.9854,4.926,4.8676,4.8104,4.7544,4.6994,4.6455,4.5926,4.5408,4.49,4.4402,4.3914,4.3436,4.2967,4.2508,4.2058,4.1617,4.1185,4.0761,4.0347,3.994,3.9543,3.9153,3.8771,3.8398,3.8032,3.7674,3.7324,3.6981,3.6646,3.6317,3.5996,3.5682,3.5375,3.5075,3.4782,3.4495,3.4215,3.3942,3.3675,3.3414,3.316,3.2911,3.2669,3.2433,3.2203,3.1979,3.1761,3.1549,3.1342,3.1142,3.0947,3.0757,3.0573,3.0395,3.0223,3.0056,2.9894,2.9738,2.9588,2.9443,2.9303,2.9169,2.9041,2.8918,2.88,2.8688,2.8582,2.8481,2.8386,2.8296,2.8212,2.8134,2.8062,2.7995,2.7935,2.788,2.7831,2.7789,2.7753,2.7723,2.7699,2.7682,2.7672,2.7669
6.0198,5.9402,5.862,5.7853,5.7101,5.6363,5.5639,5.4928,5.4232,5.3548,5.2877,5.2219,5.1574,5.0941,5.0321,4.9712,4.9115,4.8529,4.7955,4.7392,4.6839,4.6298,4.5767,4.5247,4.4736,4.4236,4.3746,4.3265,4.2794,4.2332,4.188,4.1436,4.1002,4.0576,4.0159,3.975,3.935,3.8958,3.8574,3.8198,3.783,3.747,3.7118,3.6772,3.6435,3.6104,3.5781,3.5465,3.5155,3.4853,3.4558,3.4269,3.3987,3.3711,3.3442,3.3179,3.2922,3.2672,3.2428,3.219,3.1958,3.1732,3.1512,3.1298,3.1089,3.0887,3.069,3.0499,3.0313,3.0134,2.9959,2.9791,2.9628,2.947,2.9318,2.9172,2.9031,2.8895,2.8766,2.8641,2.8523,2.8409,2.8302,2.82,2.8104,2.8013,2.7928,2.7849,2.7776,2.7709,2.7647,2.7592,2.7543,2.75,2.7464,2.7433,2.741,2.7393,2.7382,2.7379
6.0099,5.93,5.8517,5.7748,5.6994,5.6253,5.5527,5.4815,5.4116,5.343,5.2757,5.2097,5.145,5.0815,5.0192,4.9581,4.8982,4.8394,4.7818,4.7252,4.6698,4.6154,4.5621,4.5099,4.4586,4.4084,4.3591,4.3108,4.2635,4.2171,4.1716,4.1271,4.0834,4.0406,3.9987,3.9576,3.9174,3.878,3.8394,3.8016,3.7646,3.7283,3.6928,3.6581,3.6241,3.5909,3.5583,3.5265,3.4954,3.465,3.4352,3.4061,3.3777,3.3499,3.3228,3.2963,3.2705,3.2453,3.2207,3.1967,3.1733,3.1505,3.1284,3.1068,3.0858,3.0653,3.0455,3.0262,3.0075,2.9894,2.9718,2.9548,2.9383,2.9224,2.9071,2.8923,2.8781,2.8644,2.8513,2.8388,2.8268,2.8154,2.8045,2.7942,2.7845,2.7754,2.7668,2.7588,2.7514,2.7446,2.7384,2.7328,2.7279,2.7236,2.7199,2.7168,2.7144,2.7127,2.7116,2.7113
6.0008,5.9208,5.8422,5.7652,5.6895,5.6153,5.5425,5.4711,5.401,5.3322,5.2648,5.1986,5.1336,5.07,5.0075,4.9462,4.886,4.8271,4.7692,4.7125,4.6569,4.6023,4.5488,4.4963,4.4449,4.3944,4.345,4.2965,4.249,4.2024,4.1567,4.112,4.0681,4.0251,3.983,3.9417,3.9013,3.8617,3.8229,3.7849,3.7476,3.7112,3.6755,3.6406,3.6064,3.573,3.5403,3.5083,3.4769,3.4463,3.4164,3.3871,3.3585,3.3306,3.3033,3.2766,3.2506,3.2252,3.2004,3.1763,3.1527,3.1298,3.1075,3.0857,3.0645,3.044,3.024,3.0045,2.9857,2.9674,2.9497,2.9325,2.9159,2.8999,2.8845,2.8696,2.8552,2.8414,2.8282,2.8156,2.8035,2.792,2.781,2.7706,2.7608,2.7516,2.7429,2.7349,2.7274,2.7206,2.7143,2.7087,2.7037,2.6993,2.6956,2.6925,2.6901,2.6883,2.6873,2.6869
5.9926,5.9124,5.8337,5.7565,5.6807,5.6063,5.5333,5.4617,5.3915,5.3225,5.2549,5.1885,5.1234,5.0596,4.9969,4.9354,4.8751,4.816,4.758,4.701,4.6452,4.5905,4.5368,4.4842,4.4325,4.3819,4.3323,4.2836,4.2359,4.1891,4.1433,4.0983,4.0543,4.0111,3.9688,3.9274,3.8867,3.847,3.808,3.7698,3.7324,3.6958,3.66,3.6249,3.5905,3.5569,3.524,3.4918,3.4603,3.4295,3.3994,3.37,3.3412,3.3131,3.2857,3.2588,3.2327,3.2071,3.1822,3.1579,3.1342,3.1111,3.0886,3.0667,3.0454,3.0247,3.0045,2.985,2.966,2.9476,2.9297,2.9125,2.8958,2.8796,2.8641,2.849,2.8346,2.8207,2.8074,2.7946,2.7825,2.7708,2.7598,2.7493,2.7395,2.7302,2.7214,2.7133,2.7058,2.6989,2.6926,2.6869,2.6819,2.6775,2.6737,2.6706,2.6681,2.6664,2.6653,2.665
5.9852,5.9048,5.826,5.7486,5.6726,5.5981,5.525,5.4532,5.3828,5.3137,5.2459,5.1794,5.1141,5.0501,4.9873,4.9256,4.8652,4.8058,4.7477,4.6906,4.6346,4.5797,4.5259,4.473,4.4213,4.3705,4.3207,4.2718,4.224,4.177,4.131,4.0859,4.0417,3.9984,3.9559,3.9143,3.8735,3.8335,3.7944,3.7561,3.7185,3.6817,3.6457,3.6105,3.576,3.5422,3.5091,3.4768,3.4451,3.4142,3.3839,3.3544,3.3254,3.2972,3.2696,3.2426,3.2163,3.1906,3.1655,3.1411,3.1173,3.094,3.0714,3.0494,3.0279,3.0071,2.9868,2.9671,2.948,2.9295,2.9115,2.8942,2.8773,2.8611,2.8454,2.8303,2.8157,2.8018,2.7884,2.7755,2.7632,2.7515,2.7404,2.7299,2.7199,2.7106,2.7018,2.6936,2.686,2.6791,2.6727,2.667,2.6619,2.6575,2.6537,2.6506,2.6481,2.6463,2.6453,2.6449
5.9783,5.8978,5.8188,5.7413,5.6652,5.5906,5.5173,5.4454,5.3748,5.3056,5.2376,5.171,5.1056,5.0414,4.9784,4.9166,4.856,4.7966,4.7382,4.681,4.6249,4.5698,4.5158,4.4629,4.4109,4.36,4.31,4.261,4.213,4.1659,4.1198,4.0745,4.0301,3.9867,3.944,3.9023,3.8613,3.8212,3.7819,3.7435,3.7058,3.6688,3.6327,3.5973,3.5626,3.5287,3.4955,3.463,3.4312,3.4001,3.3697,3.34,3.311,3.2826,3.2548,3.2277,3.2013,3.1755,3.1503,3.1257,3.1017,3.0784,3.0556,3.0335,3.0119,2.9909,2.9706,2.9508,2.9315,2.9129,2.8948,2.8773,2.8604,2.8441,2.8283,2.8131,2.7985,2.7844,2.7709,2.758,2.7456,2.7338,2.7226,2.712,2.702,2.6926,2.6838,2.6755,2.6679,2.6609,2.6545,2.6487,2.6436,2.6391,2.6353,2.6322,2.6297,2.6279,2.6268,2.6265
5.9722,5.8915,5.8124,5.7348,5.6585,5.5838,5.5103,5.4383,5.3676,5.2982,5.2302,5.1634,5.0978,5.0335,4.9704,4.9085,4.8478,4.7882,4.7297,4.6723,4.6161,4.5609,4.5067,4.4536,4.4016,4.3505,4.3004,4.2513,4.2031,4.1559,4.1096,4.0642,4.0197,3.9761,3.9333,3.8914,3.8503,3.8101,3.7707,3.732,3.6942,3.6572,3.6209,3.5853,3.5505,3.5165,3.4832,3.4505,3.4186,3.3874,3.3569,3.327,3.2978,3.2693,3.2415,3.2142,3.1877,3.1617,3.1364,3.1117,3.0876,3.0642,3.0413,3.019,2.9974,2.9763,2.9558,2.9359,2.9166,2.8979,2.8797,2.8621,2.8451,2.8287,2.8128,2.7975,2.7828,2.7686,2.7551,2.7421,2.7296,2.7178,2.7065,2.6959,2.6858,2.6763,2.6674,2.6591,2.6515,2.6444,2.638,2.6322,2.627,2.6225,2.6187,2.6155,2.613,2.6112,2.6101,2.6098
5.9666,5.8859,5.8066,5.7289,5.6525,5.5776,5.5041,5.4319,5.3611,5.2916,5.2234,5.1565,5.0909,5.0264,4.9632,4.9012,4.8403,4.7806,4.722,4.6645,4.6081,4.5528,4.4986,4.4453,4.3931,4.3419,4.2917,4.2425,4.1942,4.1468,4.1004,4.0549,4.0103,3.9665,3.9236,3.8816,3.8404,3.8001,3.7605,3.7218,3.6838,3.6466,3.6102,3.5746,3.5397,3.5055,3.472,3.4393,3.4073,3.3759,3.3453,3.3153,3.286,3.2574,3.2294,3.2021,3.1754,3.1494,3.1239,3.0991,3.075,3.0514,3.0284,3.0061,2.9843,2.9631,2.9425,2.9225,2.9031,2.8843,2.866,2.8484,2.8313,2.8148,2.7988,2.7834,2.7686,2.7544,2.7408,2.7277,2.7152,2.7033,2.692,2.6813,2.6711,2.6616,2.6527,2.6443,2.6366,2.6295,2.6231,2.6172,2.6121,2.6075,2.6037,2.6005,2.598,2.5962,2.5951,2.5947
5.9615,5.8807,5.8013,5.7235,5.647,5.572,5.4984,5.4261,5.3552,5.2856,5.2173,5.1503,5.0845,5.02,4.9566,4.8945,4.8335,4.7737,4.715,4.6574,4.6009,4.5455,4.4911,4.4378,4.3854,4.3341,4.2838,4.2344,4.186,4.1386,4.092,4.0464,4.0017,3.9578,3.9148,3.8727,3.8314,3.7909,3.7512,3.7124,3.6743,3.637,3.6005,3.5647,3.5297,3.4954,3.4619,3.429,3.3969,3.3655,3.3347,3.3046,3.2752,3.2465,3.2184,3.191,3.1642,3.1381,3.1125,3.0876,3.0634,3.0397,3.0166,2.9942,2.9723,2.9511,2.9304,2.9103,2.8908,2.8719,2.8536,2.8358,2.8187,2.8021,2.786,2.7706,2.7557,2.7414,2.7277,2.7146,2.7021,2.6901,2.6787,2.6679,2.6578,2.6482,2.6392,2.6308,2.6231,2.616,2.6095,2.6036,2.5984,2.5938,2.59,2.5868,2.5842,2.5824,2.5813,2.581
5.9568,5.8759,5.7965,5.7185,5.642,5.5669,5.4931,5.4208,5.3498,5.2801,5.2117,5.1445,5.0787,5.014,4.9506,4.8883,4.8273,4.7673,4.7085,4.6508,4.5942,4.5387,4.4842,4.4308,4.3784,4.327,4.2765,4.2271,4.1786,4.131,4.0843,4.0386,3.9938,3.9498,3.9067,3.8645,3.8231,3.7825,3.7427,3.7038,3.6656,3.6282,3.5916,3.5557,3.5206,3.4862,3.4525,3.4196,3.3874,3.3558,3.325,3.2948,3.2653,3.2365,3.2083,3.1808,3.1539,3.1277,3.1021,3.0771,3.0527,3.029,3.0058,2.9833,2.9613,2.94,2.9192,2.8991,2.8795,2.8605,2.8421,2.8243,2.8071,2.7904,2.7743,2.7588,2.7439,2.7295,2.7158,2.7026,2.69,2.678,2.6665,2.6557,2.6455,2.6358,2.6268,2.6184,2.6106,2.6035,2.5969,2.5911,2.5858,2.5813,2.5774,2.5741,2.5716,2.5698,2.5687,2.5683
5.9525,5.8715,5.792,5.7139,5.6373,5.5621,5.4883,5.4158,5.3447,5.2749,5.2065,5.1392,5.0733,5.0085,4.945,4.8827,4.8215,4.7615,4.7026,4.6448,4.5881,4.5325,4.4779,4.4243,4.3718,4.3203,4.2698,4.2202,4.1716,4.124,4.0772,4.0314,3.9864,3.9424,3.8992,3.8569,3.8154,3.7747,3.7348,3.6958,3.6575,3.62,3.5833,3.5473,3.5121,3.4777,3.4439,3.4109,3.3785,3.3469,3.316,3.2857,3.2561,3.2272,3.199,3.1714,3.1444,3.1181,3.0924,3.0673,3.0428,3.019,2.9958,2.9732,2.9512,2.9297,2.9089,2.8887,2.869,2.85,2.8315,2.8136,2.7963,2.7796,2.7634,2.7479,2.7329,2.7185,2.7047,2.6914,2.6788,2.6667,2.6552,2.6444,2.6341,2.6244,2.6154,2.6069,2.5991,2.5919,2.5854,2.5794,2.5742,2.5696,2.5657,2.5625,2.5599,2.5581,2.557,2.5566
5.9487,5.8676,5.788,5.7098,5.6331,5.5579,5.484,5.4114,5.3402,5.2704,5.2018,5.1345,5.0685,5.0036,4.94,4.8776,4.8163,4.7562,4.6972,4.6394,4.5826,4.5269,4.4722,4.4186,4.366,4.3144,4.2638,4.2141,4.1655,4.1177,4.0709,4.025,3.9799,3.9358,3.8925,3.8501,3.8085,3.7677,3.7278,3.6887,3.6503,3.6127,3.5759,3.5399,3.5046,3.47,3.4362,3.4031,3.3707,3.339,3.308,3.2776,3.248,3.219,3.1906,3.1629,3.1359,3.1095,3.0837,3.0586,3.0341,3.0102,2.9869,2.9642,2.9421,2.9206,2.8997,2.8794,2.8597,2.8406,2.8221,2.8041,2.7867,2.77,2.7538,2.7381,2.7231,2.7086,2.6948,2.6815,2.6688,2.6567,2.6452,2.6342,2.6239,2.6142,2.6051,2.5967,2.5888,2.5816,2.575,2.5691,2.5638,2.5592,2.5553,2.552,2.5495,2.5477,2.5465,2.5462
5.9452,5.864,5.7843,5.7061,5.6294,5.554,5.48,5.4074,5.3362,5.2662,5.1976,5.1302,5.0641,4.9992,4.9355,4.873,4.8117,4.7515,4.6924,4.6345,4.5776,4.5218,4.4671,4.4134,4.3607,4.309,4.2583,4.2086,4.1598,4.112,4.0651,4.0191,3.974,3.9298,3.8864,3.8439,3.8023,3.7614,3.7214,3.6822,3.6438,3.6061,3.5692,3.5331,3.4977,3.4631,3.4292,3.396,3.3635,3.3317,3.3006,3.2702,3.2405,3.2114,3.183,3.1553,3.1282,3.1017,3.0759,3.0506,3.0261,3.0021,2.9787,2.956,2.9338,2.9123,2.8913,2.871,2.8512,2.832,2.8134,2.7954,2.778,2.7612,2.7449,2.7293,2.7142,2.6997,2.6857,2.6724,2.6597,2.6475,2.636,2.625,2.6147,2.6049,2.5958,2.5873,2.5794,2.5722,2.5656,2.5597,2.5544,2.5497,2.5458,2.5425,2.54,2.5381,2.537,2.5367
5.9419,5.8607,5.781,5.7027,5.6259,5.5504,5.4764,5.4037,5.3324,5.2624,5.1937,5.1262,5.06,4.9951,4.9313,4.8687,4.8073,4.7471,4.688,4.6299,4.573,4.5171,4.4623,4.4086,4.3558,4.3041,4.2533,4.2035,4.1547,4.1068,4.0598,4.0137,3.9685,3.9243,3.8808,3.8382,3.7965,3.7556,3.7155,3.6762,3.6377,3.6,3.5631,3.5269,3.4914,3.4567,3.4227,3.3895,3.3569,3.3251,3.2939,3.2635,3.2337,3.2045,3.176,3.1482,3.121,3.0945,3.0686,3.0433,3.0187,2.9947,2.9712,2.9484,2.9262,2.9046,2.8836,2.8632,2.8434,2.8242,2.8055,2.7875,2.77,2.7531,2.7368,2.7211,2.706,2.6914,2.6775,2.6641,2.6513,2.6391,2.6275,2.6166,2.6062,2.5964,2.5873,2.5787,2.5708,2.5636,2.5569,2.551,2.5457,2.541,2.5371,2.5338,2.5312,2.5294,2.5283,2.5279
5.939,5.8577,5.7779,5.6995,5.6226,5.5471,5.4731,5.4003,5.3289,5.2589,5.1901,5.1226,5.0563,4.9913,4.9275,4.8648,4.8033,4.743,4.6838,4.6257,4.5687,4.5128,4.4579,4.4041,4.3513,4.2995,4.2487,4.1988,4.1499,4.1019,4.0549,4.0087,3.9635,3.9191,3.8756,3.833,3.7912,3.7502,3.7101,3.6707,3.6321,3.5944,3.5573,3.5211,3.4856,3.4508,3.4168,3.3835,3.3508,3.3189,3.2877,3.2572,3.2273,3.1981,3.1696,3.1417,3.1145,3.0879,3.0619,3.0366,3.0119,2.9878,2.9643,2.9415,2.9192,2.8975,2.8765,2.856,2.8361,2.8169,2.7982,2.7801,2.7626,2.7456,2.7293,2.7135,2.6984,2.6838,2.6698,2.6564,2.6436,2.6313,2.6197,2.6087,2.5983,2.5885,2.5793,2.5708,2.5629,2.5556,2.5489,2.5429,2.5376,2.533,2.529,2.5257,2.5232,2.5213,2.5202,2.5198
5.9362,5.8549,5.775,5.6966,5.6196,5.5441,5.47,5.3972,5.3257,5.2556,5.1867,5.1192,5.0529,4.9878,4.9239,4.8612,4.7997,4.7393,4.68,4.6219,4.5648,4.5088,4.4539,4.4,4.3471,4.2952,4.2443,4.1944,4.1455,4.0974,4.0503,4.0041,3.9588,3.9144,3.8708,3.8281,3.7863,3.7452,3.705,3.6656,3.627,3.5891,3.5521,3.5158,3.4802,3.4454,3.4113,3.3779,3.3452,3.3132,3.2819,3.2514,3.2214,3.1922,3.1636,3.1357,3.1084,3.0817,3.0557,3.0303,3.0056,2.9814,2.9579,2.935,2.9127,2.891,2.8699,2.8494,2.8295,2.8101,2.7914,2.7733,2.7557,2.7387,2.7223,2.7065,2.6913,2.6767,2.6627,2.6492,2.6364,2.6242,2.6125,2.6015,2.591,2.5812,2.572,2.5634,2.5555,2.5482,2.5415,2.5355,2.5302,2.5255,2.5215,2.5183,2.5157,2.5138,2.5127,2.5123
5.9337,5.8523,5.7724,5.694,5.617,5.5414,5.4672,5.3944,5.3228,5.2527,5.1838,5.1162,5.0498,4.9846,4.9207,4.858,4.7964,4.7359,4.6766,4.6184,4.5613,4.5053,4.4503,4.3963,4.3434,4.2915,4.2405,4.1905,4.1415,4.0934,4.0463,4,3.9547,3.9102,3.8666,3.8238,3.7819,3.7408,3.7005,3.6611,3.6224,3.5845,3.5474,3.511,3.4754,3.4405,3.4063,3.3729,3.3402,3.3082,3.2768,3.2462,3.2162,3.1869,3.1583,3.1303,3.1029,3.0763,3.0502,3.0248,3,2.9758,2.9522,2.9293,2.9069,2.8852,2.864,2.8435,2.8235,2.8041,2.7854,2.7672,2.7496,2.7326,2.7162,2.7003,2.6851,2.6704,2.6564,2.6429,2.63,2.6177,2.6061,2.595,2.5845,2.5747,2.5655,2.5569,2.5489,2.5416,2.5349,2.5289,2.5236,2.5189,2.5149,2.5116,2.509,2.5072,2.506,2.5056
5.9315,5.85,5.7701,5.6916,5.6146,5.5389,5.4647,5.3918,5.3202,5.25,5.181,5.1134,5.047,4.9818,4.9178,4.855,4.7934,4.7329,4.6735,4.6153,4.5581,4.502,4.447,4.393,4.34,4.288,4.237,4.187,4.1379,4.0898,4.0426,3.9963,3.9508,3.9063,3.8627,3.8198,3.7779,3.7367,3.6964,3.6569,3.6182,3.5802,3.543,3.5066,3.471,3.436,3.4018,3.3683,3.3356,3.3035,3.2721,3.2414,3.2114,3.1821,3.1534,3.1254,3.098,3.0712,3.0451,3.0197,2.9948,2.9706,2.947,2.924,2.9016,2.8798,2.8586,2.838,2.818,2.7986,2.7798,2.7616,2.744,2.7269,2.7105,2.6946,2.6793,2.6647,2.6506,2.6371,2.6242,2.6119,2.6002,2.5891,2.5786,2.5687,2.5595,2.5509,2.5429,2.5356,2.5289,2.5228,2.5175,2.5128,2.5088,2.5055,2.5029,2.501,2.4999,2.4995
5.9294,5.8479,5.7679,5.6894,5.6123,5.5366,5.4623,5.3894,5.3178,5.2475,5.1785,5.1108,5.0444,4.9791,4.9151,4.8522,4.7906,4.73,4.6706,4.6123,4.5551,4.499,4.4439,4.3899,4.3368,4.2848,4.2338,4.1837,4.1346,4.0864,4.0391,3.9928,3.9473,3.9027,3.859,3.8162,3.7742,3.733,3.6926,3.653,3.6143,3.5763,3.5391,3.5026,3.4669,3.4319,3.3977,3.3641,3.3313,3.2992,3.2678,3.237,3.207,3.1776,3.1489,3.1208,3.0934,3.0666,3.0404,3.0149,2.9901,2.9658,2.9421,2.9191,2.8967,2.8748,2.8536,2.833,2.813,2.7935,2.7747,2.7564,2.7388,2.7217,2.7052,2.6893,2.674,2.6593,2.6452,2.6317,2.6188,2.6064,2.5947,2.5836,2.5731,2.5632,2.554,2.5453,2.5373,2.53,2.5233,2.5172,2.5119,2.5072,2.5032,2.4998,2.4973,2.4954,2.4942,2.4939
5.9275,5.8459,5.7659,5.6873,5.6102,5.5345,5.4601,5.3872,5.3155,5.2452,5.1762,5.1084,5.0419,4.9766,4.9126,4.8497,4.788,4.7274,4.6679,4.6096,4.5524,4.4962,4.441,4.387,4.3339,4.2818,4.2307,4.1806,4.1314,4.0832,4.0359,3.9895,3.944,3.8994,3.8557,3.8128,3.7707,3.7295,3.6891,3.6495,3.6106,3.5726,3.5353,3.4988,3.4631,3.4281,3.3938,3.3602,3.3274,3.2952,3.2637,3.233,3.2029,3.1734,3.1447,3.1166,3.0891,3.0623,3.0361,3.0105,2.9856,2.9613,2.9376,2.9146,2.8921,2.8702,2.849,2.8283,2.8083,2.7888,2.7699,2.7516,2.734,2.7169,2.7003,2.6844,2.6691,2.6544,2.6402,2.6267,2.6137,2.6014,2.5896,2.5785,2.568,2.5581,2.5488,2.5402,2.5321,2.5248,2.5181,2.512,2.5066,2.5019,2.4979,2.4946,2.492,2.4901,2.489,2.4886
5.9257,5.8441,5.7641,5.6855,5.6083,5.5325,5.4581,5.3851,5.3135,5.2431,5.174,5.1063,5.0397,4.9744,4.9103,4.8474,4.7856,4.725,4.6655,4.6071,4.5498,4.4936,4.4384,4.3843,4.3312,4.2791,4.228,4.1778,4.1286,4.0803,4.033,3.9866,3.941,3.8964,3.8526,3.8096,3.7676,3.7263,3.6858,3.6462,3.6073,3.5693,3.532,3.4954,3.4596,3.4246,3.3902,3.3566,3.3237,3.2915,3.26,3.2292,3.1991,3.1696,3.1408,3.1127,3.0852,3.0583,3.0321,3.0065,2.9816,2.9572,2.9335,2.9104,2.8879,2.866,2.8448,2.8241,2.804,2.7845,2.7656,2.7473,2.7296,2.7124,2.6959,2.6799,2.6646,2.6498,2.6357,2.6221,2.6091,2.5968,2.585,2.5739,2.5633,2.5534,2.5441,2.5354,2.5274,2.52,2.5133,2.5073,2.5019,2.4971,2.4931,2.4898,2.4872,2.4853,2.4842,2.4838
5.9241,5.8425,5.7624,5.6838,5.6066,5.5308,5.4564,5.3833,5.3116,5.2412,5.1721,5.1043,5.0377,4.9724,4.9082,4.8453,4.7835,4.7228,4.6633,4.6049,4.5476,4.4913,4.4361,4.3819,4.3288,4.2766,4.2255,4.1753,4.126,4.0777,4.0304,3.9839,3.9383,3.8936,3.8498,3.8068,3.7647,3.7234,3.6829,3.6432,3.6043,3.5662,3.5289,3.4923,3.4565,3.4214,3.387,3.3534,3.3205,3.2883,3.2567,3.2259,3.1957,3.1662,3.1374,3.1092,3.0817,3.0548,3.0285,3.0029,2.9779,2.9536,2.9298,2.9067,2.8842,2.8622,2.8409,2.8202,2.8001,2.7806,2.7617,2.7433,2.7256,2.7084,2.6919,2.6759,2.6605,2.6458,2.6316,2.618,2.605,2.5926,2.5808,2.5697,2.5591,2.5492,2.5399,2.5312,2.5232,2.5158,2.509,2.503,2.4976,2.4928,2.4888,2.4855,2.4829,2.481,2.4799,2.4795
5.9226,5.841,5.7609,5.6822,5.605,5.5291,5.4547,5.3816,5.3099,5.2395,5.1703,5.1025,5.0359,4.9705,4.9063,4.8433,4.7815,4.7208,4.6613,4.6028,4.5455,4.4892,4.4339,4.3797,4.3266,4.2744,4.2232,4.173,4.1237,4.0754,4.0279,3.9814,3.9358,3.8911,3.8473,3.8043,3.7621,3.7208,3.6802,3.6405,3.6016,3.5635,3.5261,3.4895,3.4536,3.4185,3.3841,3.3504,3.3175,3.2852,3.2537,3.2228,3.1926,3.1631,3.1342,3.106,3.0784,3.0515,3.0252,2.9996,2.9746,2.9502,2.9264,2.9033,2.8807,2.8588,2.8374,2.8167,2.7965,2.777,2.758,2.7397,2.7219,2.7048,2.6882,2.6722,2.6568,2.642,2.6278,2.6142,2.6012,2.5888,2.577,2.5658,2.5552,2.5453,2.536,2.5273,2.5192,2.5118,2.5051,2.499,2.4936,2.4889,2.4848,2.4815,2.4789,2.477,2.4759,2.4755
5.9213,5.8396,5.7595,5.6808,5.6035,5.5276,5.4532,5.3801,5.3083,5.2379,5.1687,5.1008,5.0342,4.9688,4.9046,4.8415,4.7797,4.719,4.6594,4.6009,4.5435,4.4872,4.4319,4.3777,4.3245,4.2723,4.2211,4.1708,4.1215,4.0731,4.0257,3.9792,3.9335,3.8888,3.8449,3.8019,3.7597,3.7183,3.6777,3.638,3.5991,3.5609,3.5235,3.4868,3.451,3.4158,3.3814,3.3477,3.3147,3.2824,3.2508,3.2199,3.1897,3.1601,3.1312,3.103,3.0754,3.0485,3.0222,2.9965,2.9715,2.9471,2.9233,2.9001,2.8775,2.8555,2.8342,2.8134,2.7932,2.7737,2.7547,2.7363,2.7185,2.7013,2.6847,2.6687,2.6533,2.6385,2.6243,2.6107,2.5976,2.5852,2.5734,2.5622,2.5516,2.5417,2.5323,2.5237,2.5156,2.5082,2.5014,2.4953,2.4899,2.4852,2.4812,2.4778,2.4752,2.4733,2.4722,2.4718
5.92,5.8383,5.7581,5.6794,5.6021,5.5262,5.4517,5.3786,5.3068,5.2363,5.1672,5.0992,5.0326,4.9671,4.9029,4.8399,4.778,4.7172,4.6576,4.5991,4.5417,4.4854,4.4301,4.3758,4.3226,4.2703,4.2191,4.1688,4.1195,4.0711,4.0236,3.9771,3.9314,3.8866,3.8427,3.7996,3.7574,3.716,3.6754,3.6357,3.5967,3.5585,3.5211,3.4844,3.4485,3.4133,3.3788,3.3451,3.3121,3.2798,3.2482,3.2172,3.187,3.1574,3.1285,3.1002,3.0726,3.0457,3.0193,2.9936,2.9686,2.9441,2.9203,2.8971,2.8745,2.8525,2.8311,2.8103,2.7902,2.7706,2.7516,2.7332,2.7154,2.6982,2.6815,2.6655,2.6501,2.6353,2.621,2.6074,2.5943,2.5819,2.5701,2.5589,2.5483,2.5383,2.529,2.5203,2.5122,2.5048,2.498,2.4919,2.4865,2.4818,2.4777,2.4744,2.4718,2.4699,2.4687,2.4683
5.9189,5.8372,5.7569,5.6782,5.6009,5.525,5.4505,5.3773,5.3055,5.235,5.1658,5.0978,5.0312,4.9657,4.9014,4.8384,4.7765,4.7157,4.6561,4.5975,4.5401,4.4837,4.4284,4.3741,4.3208,4.2686,4.2173,4.167,4.1176,4.0692,4.0217,3.9751,3.9295,3.8846,3.8407,3.7976,3.7554,3.7139,3.6733,3.6335,3.5945,3.5563,3.5189,3.4822,3.4462,3.411,3.3766,3.3428,3.3098,3.2774,3.2458,3.2148,3.1846,3.155,3.126,3.0977,3.0701,3.0431,3.0168,2.9911,2.966,2.9415,2.9177,2.8944,2.8718,2.8498,2.8284,2.8076,2.7874,2.7678,2.7488,2.7304,2.7125,2.6953,2.6787,2.6626,2.6472,2.6323,2.6181,2.6044,2.5914,2.5789,2.5671,2.5559,2.5453,2.5353,2.5259,2.5172,2.5092,2.5017,2.495,2.4889,2.4834,2.4787,2.4746,2.4713,2.4687,2.4668,2.4656,2.4653
5.9178,5.8361,5.7559,5.6771,5.5998,5.5238,5.4493,5.3761,5.3043,5.2338,5.1645,5.0966,5.0298,4.9644,4.9001,4.837,4.7751,4.7143,4.6546,4.5961,4.5386,4.4822,4.4269,4.3726,4.3193,4.267,4.2157,4.1653,4.116,4.0675,4.02,3.9734,3.9277,3.8829,3.8389,3.7958,3.7535,3.7121,3.6714,3.6316,3.5926,3.5543,3.5169,3.4802,3.4442,3.409,3.3745,3.3407,3.3076,3.2753,3.2436,3.2126,3.1823,3.1527,3.1238,3.0954,3.0678,3.0408,3.0144,2.9887,2.9636,2.9391,2.9152,2.892,2.8694,2.8473,2.8259,2.8051,2.7849,2.7652,2.7462,2.7278,2.7099,2.6927,2.676,2.66,2.6445,2.6297,2.6154,2.6017,2.5887,2.5762,2.5644,2.5531,2.5425,2.5325,2.5232,2.5144,2.5064,2.4989,2.4922,2.486,2.4806,2.4759,2.4718,2.4685,2.4658,2.464,2.4628,2.4624
5.9168,5.8351,5.7549,5.6761,5.5987,5.5228,5.4482,5.375,5.3032,5.2326,5.1634,5.0954,5.0286,4.9631,4.8988,4.8357,4.7738,4.713,4.6533,4.5947,4.5372,4.4808,4.4254,4.3711,4.3178,4.2655,4.2142,4.1638,4.1144,4.066,4.0184,3.9718,3.9261,3.8812,3.8372,3.7941,3.7518,3.7103,3.6697,3.6298,3.5908,3.5525,3.515,3.4783,3.4423,3.4071,3.3725,3.3387,3.3057,3.2733,3.2416,3.2106,3.1803,3.1506,3.1217,3.0933,3.0657,3.0386,3.0123,2.9865,2.9614,2.9369,2.913,2.8897,2.8671,2.845,2.8236,2.8028,2.7825,2.7629,2.7438,2.7254,2.7075,2.6903,2.6736,2.6575,2.6421,2.6272,2.6129,2.5992,2.5862,2.5737,2.5618,2.5506,2.54,2.53,2.5206,2.5119,2.5038,2.4963,2.4896,2.4834,2.478,2.4733,2.4692,2.4659,2.4632,2.4613,2.4602,2.4598
5.9159,5.8342,5.7539,5.6751,5.5977,5.5218,5.4472,5.374,5.3021,5.2315,5.1623,5.0943,5.0275,4.962,4.8977,4.8345,4.7726,4.7117,4.652,4.5934,4.5359,4.4795,4.4241,4.3698,4.3164,4.2641,4.2128,4.1624,4.113,4.0645,4.0169,3.9703,3.9245,3.8797,3.8357,3.7925,3.7502,3.7087,3.668,3.6282,3.5891,3.5508,3.5133,3.4766,3.4405,3.4053,3.3707,3.3369,3.3038,3.2714,3.2397,3.2087,3.1784,3.1487,3.1197,3.0914,3.0637,3.0366,3.0102,2.9845,2.9593,2.9348,2.9109,2.8876,2.865,2.8429,2.8214,2.8006,2.7803,2.7607,2.7416,2.7232,2.7053,2.688,2.6714,2.6553,2.6398,2.6249,2.6106,2.5969,2.5838,2.5714,2.5595,2.5482,2.5376,2.5276,2.5182,2.5095,2.5014,2.4939,2.4872,2.481,2.4756,2.4708,2.4668,2.4634,2.4608,2.4589,2.4578,2.4574
5.9151,5.8334,5.7531,5.6742,5.5969,5.5209,5.4463,5.373,5.3011,5.2306,5.1613,5.0933,5.0265,4.9609,4.8966,4.8335,4.7715,4.7106,4.6509,4.5923,4.5348,4.4783,4.4229,4.3686,4.3152,4.2629,4.2115,4.1611,4.1117,4.0632,4.0156,3.9689,3.9231,3.8783,3.8342,3.7911,3.7487,3.7072,3.6665,3.6267,3.5876,3.5493,3.5117,3.475,3.4389,3.4037,3.3691,3.3353,3.3021,3.2697,3.238,3.207,3.1766,3.1469,3.1179,3.0896,3.0619,3.0348,3.0084,2.9826,2.9574,2.9329,2.909,2.8857,2.863,2.8409,2.8195,2.7986,2.7783,2.7587,2.7396,2.7211,2.7033,2.686,2.6693,2.6532,2.6377,2.6228,2.6085,2.5948,2.5817,2.5692,2.5573,2.5461,2.5354,2.5254,2.516,2.5073,2.4992,2.4917,2.4849,2.4788,2.4734,2.4686,2.4645,2.4612,2.4586,2.4567,2.4555,2.4551
5.9144,5.8326,5.7523,5.6735,5.5961,5.5201,5.4455,5.3722,5.3003,5.2297,5.1604,5.0924,5.0256,4.96,4.8957,4.8325,4.7705,4.7096,4.6499,4.5913,4.5337,4.4773,4.4219,4.3675,4.3141,4.2617,4.2104,4.16,4.1105,4.062,4.0144,3.9677,3.9219,3.877,3.833,3.7898,3.7474,3.7059,3.6652,3.6253,3.5862,3.5479,3.5103,3.4736,3.4375,3.4022,3.3677,3.3338,3.3007,3.2682,3.2365,3.2055,3.1751,3.1454,3.1164,3.088,3.0603,3.0332,3.0068,2.981,2.9558,2.9313,2.9073,2.884,2.8613,2.8392,2.8178,2.7969,2.7766,2.7569,2.7378,2.7194,2.7015,2.6842,2.6675,2.6514,2.6359,2.6209,2.6066,2.5929,2.5798,2.5673,2.5555,2.5442,2.5335,2.5235,2.5141,2.5054,2.4973,2.4898,2.483,2.4769,2.4714,2.4667,2.4626,2.4592,2.4566,2.4547,2.4536,2.4532
5.9137,5.8319,5.7516,5.6728,5.5954,5.5193,5.4447,5.3715,5.2995,5.2289,5.1596,5.0916,5.0248,4.9592,4.8948,4.8316,4.7696,4.7087,4.649,4.5904,4.5328,4.4763,4.4209,4.3665,4.3131,4.2607,4.2093,4.1589,4.1094,4.0609,4.0133,3.9666,3.9208,3.8759,3.8318,3.7886,3.7463,3.7047,3.664,3.6241,3.585,3.5466,3.5091,3.4723,3.4362,3.4009,3.3663,3.3325,3.2993,3.2669,3.2351,3.2041,3.1737,3.144,3.1149,3.0865,3.0588,3.0317,3.0053,2.9795,2.9543,2.9297,2.9058,2.8825,2.8598,2.8377,2.8162,2.7953,2.775,2.7553,2.7362,2.7177,2.6998,2.6825,2.6658,2.6497,2.6342,2.6193,2.6049,2.5912,2.5781,2.5656,2.5537,2.5424,2.5318,2.5218,2.5124,2.5036,2.4955,2.488,2.4812,2.4751,2.4696,2.4649,2.4608,2.4574,2.4548,2.4529,2.4518,2.4514
5.9131,5.8313,5.751,5.6721,5.5947,5.5187,5.444,5.3708,5.2988,5.2282,5.1589,5.0908,5.024,4.9584,4.894,4.8308,4.7688,4.7079,4.6481,4.5895,4.5319,4.4754,4.42,4.3656,4.3122,4.2598,4.2084,4.1579,4.1085,4.0599,4.0123,3.9656,3.9198,3.8748,3.8308,3.7875,3.7452,3.7036,3.6629,3.623,3.5838,3.5455,3.5079,3.4711,3.435,3.3997,3.3651,3.3312,3.2981,3.2656,3.2339,3.2028,3.1724,3.1427,3.1136,3.0852,3.0575,3.0304,3.0039,2.9781,2.9529,2.9283,2.9044,2.881,2.8583,2.8362,2.8147,2.7938,2.7735,2.7538,2.7347,2.7162,2.6983,2.681,2.6643,2.6481,2.6326,2.6177,2.6034,2.5896,2.5765,2.564,2.5521,2.5408,2.5302,2.5201,2.5107,2.502,2.4939,2.4864,2.4796,2.4734,2.468,2.4632,2.4591,2.4558,2.4532,2.4513,2.4501,2.4497
5.9126,5.8307,5.7504,5.6715,5.5941,5.518,5.4434,5.3701,5.2982,5.2275,5.1582,5.0901,5.0233,4.9577,4.8933,4.8301,4.768,4.7071,4.6474,4.5887,4.5311,4.4746,4.4192,4.3647,4.3113,4.2589,4.2075,4.1571,4.1076,4.059,4.0114,3.9646,3.9188,3.8739,3.8298,3.7865,3.7442,3.7026,3.6619,3.6219,3.5828,3.5444,3.5068,3.47,3.4339,3.3986,3.364,3.3301,3.2969,3.2644,3.2327,3.2016,3.1712,3.1414,3.1124,3.084,3.0562,3.0291,3.0026,2.9768,2.9516,2.927,2.9031,2.8797,2.857,2.8349,2.8133,2.7924,2.7721,2.7524,2.7333,2.7148,2.6969,2.6796,2.6628,2.6467,2.6312,2.6162,2.6019,2.5882,2.5751,2.5625,2.5506,2.5393,2.5287,2.5186,2.5092,2.5005,2.4923,2.4849,2.4781,2.4719,2.4665,2.4617,2.4576,2.4542,2.4516,2.4497,2.4486,2.4482
5.912,5.8302,5.7498,5.671,5.5935,5.5175,5.4428,5.3695,5.2975,5.2269,5.1575,5.0895,5.0226,4.957,4.8926,4.8294,4.7673,4.7064,4.6466,4.5879,4.5304,4.4738,4.4184,4.3639,4.3105,4.2581,4.2067,4.1562,4.1067,4.0581,4.0105,3.9637,3.9179,3.8729,3.8288,3.7856,3.7432,3.7016,3.6609,3.6209,3.5818,3.5434,3.5058,3.469,3.4329,3.3975,3.3629,3.329,3.2958,3.2633,3.2316,3.2005,3.17,3.1403,3.1112,3.0828,3.055,3.0279,3.0014,2.9756,2.9504,2.9258,2.9018,2.8785,2.8557,2.8336,2.8121,2.7912,2.7708,2.7511,2.732,2.7135,2.6955,2.6782,2.6615,2.6454,2.6298,2.6149,2.6005,2.5868,2.5737,2.5611,2.5492,2.5379,2.5273,2.5172,2.5078,2.499,2.4909,2.4834,2.4766,2.4705,2.465,2.4602,2.4562,2.4528,2.4502,2.4483,2.4471,2.4467
5.9115,5.8297,5.7493,5.6704,5.593,5.5169,5.4422,5.3689,5.297,5.2263,5.1569,5.0888,5.022,4.9564,4.8919,4.8287,4.7666,4.7057,4.6459,4.5872,4.5296,4.4731,4.4176,4.3632,4.3097,4.2573,4.2059,4.1554,4.1059,4.0573,4.0096,3.9629,3.917,3.8721,3.828,3.7847,3.7423,3.7007,3.66,3.62,3.5808,3.5424,3.5048,3.468,3.4319,3.3965,3.3619,3.328,3.2948,3.2623,3.2305,3.1994,3.169,3.1392,3.1101,3.0817,3.0539,3.0268,3.0003,2.9744,2.9492,2.9246,2.9006,2.8773,2.8545,2.8324,2.8109,2.7899,2.7696,2.7499,2.7307,2.7122,2.6943,2.6769,2.6602,2.6441,2.6285,2.6136,2.5992,2.5855,2.5723,2.5598,2.5479,2.5366,2.5259,2.5159,2.5065,2.4977,2.4896,2.4821,2.4753,2.4691,2.4636,2.4589,2.4548,2.4514,2.4488,2.4469,2.4457,2.4453
5.911,5.8292,5.7488,5.6699,5.5924,5.5164,5.4417,5.3684,5.2964,5.2257,5.1563,5.0882,5.0214,4.9557,4.8913,4.8281,4.766,4.7051,4.6453,4.5866,4.5289,4.4724,4.4169,4.3624,4.309,4.2566,4.2051,4.1546,4.1051,4.0565,4.0088,3.9621,3.9162,3.8712,3.8271,3.7839,3.7414,3.6998,3.6591,3.6191,3.5799,3.5415,3.5039,3.467,3.4309,3.3956,3.3609,3.327,3.2938,3.2613,3.2295,3.1984,3.1679,3.1382,3.1091,3.0806,3.0528,3.0257,2.9992,2.9733,2.9481,2.9235,2.8995,2.8761,2.8534,2.8312,2.8097,2.7887,2.7684,2.7487,2.7295,2.711,2.6931,2.6757,2.659,2.6428,2.6273,2.6123,2.598,2.5842,2.5711,2.5585,2.5466,2.5353,2.5246,2.5146,2.5052,2.4964,2.4882,2.4808,2.4739,2.4678,2.4623,2.4575,2.4535,2.4501,2.4475,2.4456,2.4444,2.444
5.9106,5.8287,5.7484,5.6695,5.592,5.5159,5.4412,5.3679,5.2959,5.2252,5.1558,5.0877,5.0208,4.9552,4.8908,4.8275,4.7654,4.7045,4.6447,4.586,4.5283,4.4718,4.4163,4.3618,4.3084,4.2559,4.2045,4.154,4.1044,4.0558,4.0081,3.9614,3.9155,3.8705,3.8264,3.7831,3.7407,3.6991,3.6583,3.6183,3.5791,3.5407,3.5031,3.4662,3.4301,3.3947,3.3601,3.3261,3.2929,3.2604,3.2286,3.1975,3.167,3.1373,3.1081,3.0797,3.0519,3.0247,2.9982,2.9724,2.9471,2.9225,2.8985,2.8751,2.8524,2.8302,2.8087,2.7877,2.7674,2.7476,2.7285,2.71,2.692,2.6747,2.6579,2.6417,2.6262,2.6112,2.5969,2.5831,2.57,2.5574,2.5455,2.5342,2.5235,2.5135,2.504,2.4952,2.4871,2.4796,2.4728,2.4666,2.4612,2.4564,2.4523,2.4489,2.4463,2.4444,2.4432,2.4429
5.9102,5.8284,5.748,5.6691,5.5916,5.5155,5.4408,5.3674,5.2954,5.2248,5.1554,5.0872,5.0204,4.9547,4.8903,4.827,4.7649,4.704,4.6441,4.5854,4.5278,4.4712,4.4157,4.3613,4.3078,4.2553,4.2039,4.1534,4.1038,4.0552,4.0075,3.9607,3.9149,3.8699,3.8257,3.7824,3.74,3.6984,3.6576,3.6176,3.5784,3.54,3.5024,3.4655,3.4294,3.394,3.3593,3.3254,3.2921,3.2596,3.2278,3.1967,3.1662,3.1364,3.1073,3.0789,3.0511,3.0239,2.9974,2.9715,2.9463,2.9216,2.8976,2.8742,2.8515,2.8293,2.8078,2.7868,2.7665,2.7467,2.7276,2.709,2.6911,2.6737,2.6569,2.6408,2.6252,2.6103,2.5959,2.5821,2.569,2.5564,2.5445,2.5332,2.5225,2.5125,2.503,2.4942,2.4861,2.4786,2.4718,2.4656,2.4602,2.4554,2.4513,2.4479,2.4453,2.4434,2.4422,2.4418
5.9099,5.828,5.7476,5.6687,5.5912,5.5151,5.4404,5.367,5.295,5.2243,5.1549,5.0868,5.0199,4.9543,4.8898,4.8266,4.7644,4.7035,4.6437,4.5849,4.5273,4.4707,4.4152,4.3607,4.3073,4.2548,4.2033,4.1528,4.1032,4.0546,4.0069,3.9602,3.9143,3.8692,3.8251,3.7818,3.7394,3.6978,3.657,3.617,3.5778,3.5393,3.5017,3.4648,3.4287,3.3933,3.3586,3.3247,3.2914,3.2589,3.2271,3.1959,3.1655,3.1357,3.1066,3.0781,3.0503,3.0231,2.9966,2.9707,2.9455,2.9208,2.8968,2.8734,2.8506,2.8285,2.8069,2.786,2.7656,2.7459,2.7267,2.7081,2.6902,2.6728,2.6561,2.6399,2.6243,2.6094,2.595,2.5812,2.5681,2.5555,2.5436,2.5323,2.5216,2.5115,2.5021,2.4933,2.4851,2.4777,2.4708,2.4647,2.4592,2.4544,2.4503,2.447,2.4443,2.4424,2.4413,2.4409
5.9095,5.8277,5.7473,5.6683,5.5908,5.5147,5.44,5.3667,5.2946,5.2239,5.1545,5.0864,5.0195,4.9538,4.8894,4.8261,4.764,4.703,4.6432,4.5845,4.5268,4.4702,4.4147,4.3602,4.3068,4.2543,4.2028,4.1523,4.1027,4.0541,4.0064,3.9596,3.9137,3.8687,3.8245,3.7812,3.7388,3.6971,3.6563,3.6163,3.5771,3.5387,3.501,3.4641,3.428,3.3926,3.3579,3.324,3.2907,3.2582,3.2264,3.1952,3.1648,3.135,3.1058,3.0774,3.0495,3.0224,2.9958,2.9699,2.9447,2.92,2.896,2.8726,2.8499,2.8277,2.8061,2.7852,2.7648,2.745,2.7259,2.7073,2.6894,2.672,2.6552,2.639,2.6235,2.6085,2.5941,2.5804,2.5672,2.5546,2.5427,2.5314,2.5207,2.5106,2.5012,2.4924,2.4843,2.4768,2.4699,2.4638,2.4583,2.4535,2.4494,2.4461,2.4434,2.4415,2.4403,2.44
5.9092,5.8273,5.7469,5.668,5.5905,5.5144,5.4397,5.3663,5.2943,5.2236,5.1542,5.086,5.0191,4.9534,4.889,4.8257,4.7636,4.7026,4.6428,4.584,4.5264,4.4698,4.4142,4.3597,4.3063,4.2538,4.2023,4.1518,4.1022,4.0536,4.0059,3.9591,3.9132,3.8681,3.824,3.7807,3.7382,3.6966,3.6558,3.6157,3.5765,3.5381,3.5004,3.4635,3.4274,3.392,3.3573,3.3233,3.2901,3.2575,3.2257,3.1945,3.1641,3.1343,3.1051,3.0767,3.0488,3.0217,2.9951,2.9692,2.944,2.9193,2.8953,2.8719,2.8491,2.8269,2.8053,2.7844,2.764,2.7443,2.7251,2.7065,2.6886,2.6712,2.6544,2.6382,2.6227,2.6077,2.5933,2.5795,2.5664,2.5538,2.5419,2.5305,2.5198,2.5098,2.5003,2.4915,2.4834,2.4759,2.4691,2.4629,2.4574,2.4526,2.4486,2.4452,2.4425,2.4406,2.4395,2.4391
5.9089,5.827,5.7466,5.6677,5.5901,5.514,5.4393,5.3659,5.2939,5.2232,5.1538,5.0856,5.0187,4.953,4.8886,4.8253,4.7632,4.7022,4.6423,4.5836,4.5259,4.4693,4.4138,4.3593,4.3058,4.2533,4.2018,4.1513,4.1017,4.0531,4.0053,3.9585,3.9126,3.8676,3.8234,3.7801,3.7377,3.696,3.6552,3.6152,3.5759,3.5375,3.4998,3.4629,3.4268,3.3914,3.3567,3.3227,3.2895,3.2569,3.2251,3.1939,3.1634,3.1336,3.1045,3.076,3.0482,3.021,2.9944,2.9685,2.9432,2.9186,2.8946,2.8712,2.8484,2.8262,2.8046,2.7836,2.7633,2.7435,2.7243,2.7058,2.6878,2.6704,2.6536,2.6374,2.6219,2.6069,2.5925,2.5787,2.5656,2.553,2.5411,2.5297,2.519,2.509,2.4995,2.4907,2.4826,2.4751,2.4682,2.4621,2.4566,2.4518,2.4477,2.4443,2.4417,2.4398,2.4386,2.4382
5.9086,5.8267,5.7463,5.6673,5.5898,5.5137,5.439,5.3656,5.2936,5.2228,5.1534,5.0853,5.0183,4.9527,4.8882,4.8249,4.7628,4.7018,4.6419,4.5831,4.5255,4.4689,4.4133,4.3588,4.3053,4.2528,4.2013,4.1508,4.1012,4.0526,4.0048,3.958,3.9121,3.8671,3.8229,3.7796,3.7371,3.6955,3.6546,3.6146,3.5754,3.5369,3.4993,3.4623,3.4262,3.3907,3.3561,3.3221,3.2888,3.2563,3.2244,3.1933,3.1628,3.1329,3.1038,3.0753,3.0475,3.0203,2.9937,2.9678,2.9425,2.9179,2.8939,2.8704,2.8476,2.8255,2.8039,2.7829,2.7625,2.7427,2.7236,2.705,2.687,2.6696,2.6529,2.6367,2.6211,2.6061,2.5917,2.5779,2.5648,2.5522,2.5403,2.5289,2.5182,2.5081,2.4987,2.4899,2.4817,2.4742,2.4674,2.4612,2.4558,2.451,2.4469,2.4435,2.4409,2.439,2.4378,2.4374
5.9083,5.8264,5.746,5.667,5.5895,5.5134,5.4386,5.3653,5.2932,5.2225,5.1531,5.0849,5.018,4.9523,4.8878,4.8245,4.7624,4.7014,4.6415,4.5827,4.5251,4.4685,4.4129,4.3584,4.3049,4.2524,4.2009,4.1503,4.1007,4.0521,4.0044,3.9575,3.9116,3.8666,3.8224,3.7791,3.7366,3.6949,3.6541,3.6141,3.5748,3.5364,3.4987,3.4618,3.4256,3.3902,3.3555,3.3215,3.2882,3.2557,3.2238,3.1926,3.1621,3.1323,3.1032,3.0747,3.0468,3.0196,2.9931,2.9672,2.9419,2.9172,2.8932,2.8698,2.847,2.8248,2.8032,2.7822,2.7618,2.742,2.7229,2.7043,2.6863,2.6689,2.6521,2.6359,2.6203,2.6053,2.591,2.5772,2.564,2.5514,2.5395,2.5282,2.5174,2.5074,2.4979,2.4891,2.481,2.4735,2.4666,2.4605,2.455,2.4502,2.4461,2.4427,2.4401,2.4382,2.437,2.4366
5.9081,5.8262,5.7457,5.6668,5.5892,5.5131,5.4384,5.365,5.2929,5.2222,5.1528,5.0846,5.0177,4.952,4.8875,4.8242,4.762,4.701,4.6412,4.5824,4.5247,4.4681,4.4125,4.358,4.3045,4.252,4.2005,4.1499,4.1004,4.0517,4.004,3.9571,3.9112,3.8661,3.822,3.7786,3.7362,3.6945,3.6537,3.6136,3.5744,3.5359,3.4982,3.4613,3.4251,3.3897,3.355,3.321,3.2877,3.2552,3.2233,3.1921,3.1616,3.1318,3.1026,3.0741,3.0463,3.0191,2.9925,2.9666,2.9413,2.9167,2.8926,2.8692,2.8464,2.8242,2.8026,2.7816,2.7612,2.7414,2.7223,2.7037,2.6857,2.6683,2.6515,2.6353,2.6197,2.6047,2.5903,2.5765,2.5634,2.5508,2.5388,2.5275,2.5168,2.5067,2.4973,2.4885,2.4803,2.4728,2.466,2.4598,2.4543,2.4495,2.4454,2.4421,2.4394,2.4375,2.4363,2.436
5.9078,5.8259,5.7455,5.6665,5.589,5.5128,5.4381,5.3647,5.2927,5.2219,5.1525,5.0843,5.0174,4.9517,4.8872,4.8239,4.7617,4.7007,4.6408,4.5821,4.5244,4.4678,4.4122,4.3577,4.3042,4.2517,4.2001,4.1496,4.1,4.0513,4.0036,3.9567,3.9108,3.8658,3.8216,3.7782,3.7357,3.6941,3.6532,3.6132,3.5739,3.5355,3.4978,3.4609,3.4247,3.3892,3.3545,3.3205,3.2873,3.2547,3.2228,3.1916,3.1611,3.1313,3.1021,3.0736,3.0458,3.0186,2.992,2.9661,2.9408,2.9161,2.8921,2.8686,2.8458,2.8236,2.802,2.781,2.7607,2.7409,2.7217,2.7031,2.6851,2.6677,2.6509,2.6347,2.6191,2.6041,2.5897,2.5759,2.5628,2.5502,2.5382,2.5269,2.5162,2.5061,2.4967,2.4879,2.4797,2.4722,2.4653,2.4592,2.4537,2.4489,2.4448,2.4414,2.4388,2.4369,2.4357,2.4353
5.9076,5.8257,5.7453,5.6663,5.5887,5.5126,5.4379,5.3645,5.2924,5.2217,5.1522,5.084,5.0171,4.9514,4.8869,4.8236,4.7614,4.7004,4.6405,4.5818,4.5241,4.4675,4.4119,4.3574,4.3038,4.2513,4.1998,4.1492,4.0996,4.051,4.0032,3.9564,3.9104,3.8654,3.8212,3.7778,3.7353,3.6937,3.6528,3.6128,3.5735,3.5351,3.4974,3.4604,3.4242,3.3888,3.3541,3.3201,3.2868,3.2542,3.2224,3.1912,3.1607,3.1308,3.1017,3.0732,3.0453,3.0181,2.9915,2.9656,2.9403,2.9156,2.8916,2.8681,2.8453,2.8231,2.8015,2.7805,2.7601,2.7403,2.7211,2.7026,2.6846,2.6672,2.6504,2.6342,2.6186,2.6036,2.5892,2.5754,2.5622,2.5496,2.5377,2.5263,2.5156,2.5055,2.4961,2.4873,2.4791,2.4716,2.4648,2.4586,2.4531,2.4483,2.4442,2.4408,2.4382,2.4363,2.4351,2.4347
5.9074,5.8255,5.745,5.6661,5.5885,5.5124,5.4376,5.3642,5.2922,5.2214,5.152,5.0838,5.0168,4.9511,4.8866,4.8233,4.7612,4.7001,4.6403,4.5815,4.5238,4.4672,4.4116,4.357,4.3035,4.251,4.1995,4.1489,4.0993,4.0506,4.0029,3.956,3.9101,3.865,3.8208,3.7775,3.735,3.6933,3.6524,3.6124,3.5731,3.5347,3.497,3.46,3.4238,3.3884,3.3537,3.3197,3.2864,3.2538,3.2219,3.1907,3.1602,3.1304,3.1012,3.0727,3.0448,3.0176,2.9911,2.9651,2.9398,2.9151,2.8911,2.8676,2.8448,2.8226,2.801,2.78,2.7596,2.7398,2.7206,2.702,2.684,2.6666,2.6498,2.6336,2.618,2.603,2.5886,2.5748,2.5617,2.5491,2.5371,2.5258,2.5151,2.505,2.4955,2.4867,2.4785,2.471,2.4642,2.458,2.4525,2.4477,2.4436,2.4403,2.4376,2.4357,2.4346,2.4342
5.9072,5.8253,5.7448,5.6658,5.5883,5.5121,5.4374,5.364,5.2919,5.2212,5.1517,5.0835,5.0166,4.9509,4.8864,4.823,4.7609,4.6999,4.64,4.5812,4.5235,4.4669,4.4113,4.3567,4.3032,4.2507,4.1992,4.1486,4.099,4.0503,4.0025,3.9557,3.9097,3.8647,3.8205,3.7771,3.7346,3.6929,3.6521,3.612,3.5728,3.5343,3.4966,3.4596,3.4234,3.388,3.3533,3.3193,3.286,3.2534,3.2215,3.1903,3.1598,3.1299,3.1008,3.0722,3.0444,3.0172,2.9906,2.9647,2.9393,2.9147,2.8906,2.8672,2.8443,2.8221,2.8005,2.7795,2.7591,2.7393,2.7201,2.7015,2.6835,2.6661,2.6493,2.6331,2.6175,2.6025,2.5881,2.5743,2.5611,2.5485,2.5366,2.5252,2.5145,2.5044,2.495,2.4862,2.478,2.4705,2.4636,2.4575,2.452,2.4472,2.4431,2.4397,2.4371,2.4352,2.434,2.4336
5.907,5.8251,5.7446,5.6656,5.5881,5.5119,5.4372,5.3638,5.2917,5.2209,5.1515,5.0833,5.0163,4.9506,4.8861,4.8228,4.7606,4.6996,4.6397,4.5809,4.5232,4.4666,4.411,4.3564,4.3029,4.2504,4.1988,4.1483,4.0987,4.05,4.0022,3.9554,3.9094,3.8643,3.8201,3.7768,3.7343,3.6926,3.6517,3.6117,3.5724,3.5339,3.4962,3.4592,3.423,3.3876,3.3529,3.3189,3.2856,3.253,3.2211,3.1899,3.1594,3.1295,3.1003,3.0718,3.0439,3.0167,2.9901,2.9642,2.9389,2.9142,2.8901,2.8667,2.8439,2.8217,2.8,2.779,2.7586,2.7388,2.7196,2.701,2.683,2.6656,2.6488,2.6326,2.617,2.602,2.5876,2.5738,2.5606,2.548,2.5361,2.5247,2.514,2.5039,2.4945,2.4856,2.4775,2.47,2.4631,2.4569,2.4515,2.4467,2.4426,2.4392,2.4365,2.4346,2.4335,2.4331
5.9068,5.8249,5.7444,5.6654,5.5879,5.5117,5.4369,5.3635,5.2915,5.2207,5.1512,5.083,5.0161,4.9504,4.8859,4.8225,4.7604,4.6993,4.6394,4.5806,4.5229,4.4663,4.4107,4.3562,4.3026,4.2501,4.1985,4.148,4.0983,4.0497,4.0019,3.955,3.9091,3.864,3.8198,3.7764,3.7339,3.6922,3.6514,3.6113,3.572,3.5335,3.4958,3.4589,3.4227,3.3872,3.3525,3.3185,3.2852,3.2526,3.2207,3.1895,3.1589,3.1291,3.0999,3.0714,3.0435,3.0163,2.9897,2.9638,2.9384,2.9138,2.8897,2.8662,2.8434,2.8212,2.7996,2.7786,2.7582,2.7384,2.7192,2.7006,2.6825,2.6651,2.6483,2.6321,2.6165,2.6015,2.5871,2.5733,2.5601,2.5475,2.5356,2.5242,2.5135,2.5034,2.4939,2.4851,2.4769,2.4694,2.4626,2.4564,2.4509,2.4461,2.442,2.4387,2.436,2.4341,2.4329,2.4325
5.9066,5.8247,5.7442,5.6652,5.5877,5.5115,5.4367,5.3633,5.2913,5.2205,5.151,5.0828,5.0159,4.9502,4.8856,4.8223,4.7601,4.6991,4.6392,4.5804,4.5227,4.466,4.4104,4.3559,4.3024,4.2498,4.1983,4.1477,4.0981,4.0494,4.0016,3.9547,3.9088,3.8637,3.8195,3.7761,3.7336,3.6919,3.651,3.611,3.5717,3.5332,3.4955,3.4585,3.4223,3.3869,3.3521,3.3181,3.2848,3.2522,3.2203,3.1891,3.1586,3.1287,3.0995,3.071,3.0431,3.0159,2.9893,2.9634,2.938,2.9134,2.8893,2.8658,2.843,2.8208,2.7992,2.7781,2.7577,2.7379,2.7187,2.7001,2.6821,2.6647,2.6479,2.6317,2.6161,2.6011,2.5866,2.5728,2.5596,2.5471,2.5351,2.5237,2.513,2.5029,2.4935,2.4846,2.4765,2.469,2.4621,2.4559,2.4505,2.4457,2.4416,2.4382,2.4355,2.4336,2.4325,2.4321
5.9065,5.8245,5.7441,5.6651,5.5875,5.5113,5.4366,5.3632,5.2911,5.2203,5.1508,5.0826,5.0157,4.95,4.8854,4.8221,4.7599,4.6989,4.639,4.5802,4.5224,4.4658,4.4102,4.3557,4.3021,4.2496,4.198,4.1474,4.0978,4.0491,4.0013,3.9545,3.9085,3.8634,3.8192,3.7758,3.7333,3.6916,3.6507,3.6107,3.5714,3.5329,3.4952,3.4582,3.422,3.3865,3.3518,3.3178,3.2845,3.2519,3.22,3.1888,3.1582,3.1284,3.0992,3.0707,3.0428,3.0155,2.989,2.963,2.9377,2.913,2.8889,2.8655,2.8426,2.8204,2.7988,2.7778,2.7574,2.7375,2.7183,2.6997,2.6817,2.6643,2.6475,2.6313,2.6157,2.6006,2.5862,2.5724,2.5592,2.5466,2.5347,2.5233,2.5126,2.5025,2.493,2.4842,2.4761,2.4685,2.4617,2.4555,2.45,2.4452,2.4411,2.4377,2.4351,2.4332,2.432,2.4316
5.9063,5.8244,5.7439,5.6649,5.5873,5.5112,5.4364,5.363,5.2909,5.2201,5.1507,5.0825,5.0155,4.9498,4.8852,4.8219,4.7597,4.6987,4.6388,4.58,4.5222,4.4656,4.41,4.3554,4.3019,4.2493,4.1978,4.1472,4.0976,4.0489,4.0011,3.9542,3.9083,3.8632,3.8189,3.7756,3.733,3.6914,3.6505,3.6104,3.5711,3.5326,3.4949,3.4579,3.4217,3.3862,3.3515,3.3175,3.2842,3.2516,3.2197,3.1885,3.1579,3.1281,3.0989,3.0703,3.0424,3.0152,2.9886,2.9627,2.9373,2.9126,2.8886,2.8651,2.8423,2.82,2.7984,2.7774,2.757,2.7372,2.718,2.6994,2.6813,2.6639,2.6471,2.6309,2.6153,2.6003,2.5858,2.572,2.5588,2.5463,2.5343,2.5229,2.5122,2.5021,2.4926,2.4838,2.4757,2.4681,2.4613,2.4551,2.4496,2.4448,2.4407,2.4373,2.4347,2.4328,2.4316,2.4312
5.9062,5.8242,5.7438,5.6648,5.5872,5.511,5.4362,5.3628,5.2907,5.22,5.1505,5.0823,5.0153,4.9496,4.885,4.8217,4.7595,4.6985,4.6386,4.5797,4.522,4.4654,4.4098,4.3552,4.3017,4.2491,4.1976,4.147,4.0973,4.0486,4.0009,3.954,3.908,3.8629,3.8187,3.7753,3.7328,3.6911,3.6502,3.6101,3.5708,3.5323,3.4946,3.4576,3.4214,3.386,3.3512,3.3172,3.2839,3.2513,3.2194,3.1881,3.1576,3.1277,3.0985,3.07,3.0421,3.0149,2.9883,2.9623,2.937,2.9123,2.8882,2.8648,2.8419,2.8197,2.7981,2.7771,2.7566,2.7368,2.7176,2.699,2.681,2.6636,2.6468,2.6305,2.6149,2.5999,2.5855,2.5717,2.5585,2.5459,2.5339,2.5226,2.5118,2.5017,2.4923,2.4834,2.4753,2.4678,2.4609,2.4547,2.4492,2.4444,2.4403,2.4369,2.4343,2.4324,2.4312,2.4308
5.9061,5.8241,5.7436,5.6646,5.587,5.5109,5.4361,5.3627,5.2906,5.2198,5.1503,5.0821,5.0151,4.9494,4.8849,4.8215,4.7593,4.6983,4.6384,4.5796,4.5218,4.4652,4.4096,4.355,4.3015,4.2489,4.1973,4.1468,4.0971,4.0484,4.0006,3.9538,3.9078,3.8627,3.8185,3.7751,3.7325,3.6908,3.65,3.6099,3.5706,3.5321,3.4944,3.4574,3.4212,3.3857,3.3509,3.3169,3.2836,3.251,3.2191,3.1879,3.1573,3.1275,3.0983,3.0697,3.0418,3.0146,2.988,2.962,2.9367,2.912,2.8879,2.8645,2.8416,2.8194,2.7977,2.7767,2.7563,2.7365,2.7173,2.6987,2.6806,2.6632,2.6464,2.6302,2.6146,2.5995,2.5851,2.5713,2.5581,2.5455,2.5335,2.5222,2.5115,2.5014,2.4919,2.4831,2.4749,2.4674,2.4605,2.4544,2.4489,2.4441,2.44,2.4366,2.4339,2.432,2.4309,2.4305
5.9059,5.824,5.7435,5.6645,5.5869,5.5107,5.4359,5.3625,5.2904,5.2196,5.1502,5.0819,5.015,4.9492,4.8847,4.8213,4.7592,4.6981,4.6382,4.5794,4.5216,4.465,4.4094,4.3548,4.3013,4.2487,4.1971,4.1465,4.0969,4.0482,4.0004,3.9535,3.9076,3.8625,3.8182,3.7748,3.7323,3.6906,3.6497,3.6096,3.5703,3.5318,3.4941,3.4571,3.4209,3.3854,3.3507,3.3166,3.2833,3.2507,3.2188,3.1876,3.157,3.1272,3.098,3.0694,3.0415,3.0143,2.9877,2.9617,2.9364,2.9117,2.8876,2.8641,2.8413,2.8191,2.7974,2.7764,2.756,2.7362,2.717,2.6983,2.6803,2.6629,2.6461,2.6298,2.6142,2.5992,2.5848,2.571,2.5578,2.5452,2.5332,2.5218,2.5111,2.501,2.4915,2.4827,2.4745,2.467,2.4602,2.454,2.4485,2.4437,2.4396,2.4362,2.4336,2.4317,2.4305,2.4301
5.9058,5.8238,5.7434,5.6643,5.5868,5.5106,5.4358,5.3624,5.2903,5.2195,5.15,5.0818,5.0148,4.9491,4.8845,4.8212,4.759,4.6979,4.638,4.5792,4.5215,4.4648,4.4092,4.3546,4.3011,4.2485,4.1969,4.1463,4.0967,4.048,4.0002,3.9533,3.9073,3.8622,3.818,3.7746,3.7321,3.6904,3.6495,3.6094,3.5701,3.5316,3.4939,3.4569,3.4207,3.3852,3.3504,3.3164,3.2831,3.2505,3.2185,3.1873,3.1568,3.1269,3.0977,3.0691,3.0413,3.014,2.9874,2.9614,2.9361,2.9114,2.8873,2.8638,2.841,2.8188,2.7971,2.7761,2.7557,2.7359,2.7166,2.698,2.68,2.6626,2.6458,2.6295,2.6139,2.5989,2.5845,2.5706,2.5574,2.5448,2.5329,2.5215,2.5108,2.5007,2.4912,2.4824,2.4742,2.4667,2.4598,2.4537,2.4482,2.4434,2.4393,2.4359,2.4332,2.4313,2.4301,2.4298
5.9057,5.8237,5.7432,5.6642,5.5866,5.5104,5.4357,5.3622,5.2901,5.2194,5.1499,5.0816,5.0147,4.9489,4.8844,4.821,4.7588,4.6978,4.6378,4.579,4.5213,4.4646,4.409,4.3544,4.3009,4.2483,4.1968,4.1461,4.0965,4.0478,4,3.9531,3.9071,3.862,3.8178,3.7744,3.7319,3.6902,3.6493,3.6092,3.5699,3.5314,3.4936,3.4566,3.4204,3.3849,3.3502,3.3161,3.2828,3.2502,3.2183,3.1871,3.1565,3.1266,3.0974,3.0689,3.041,3.0137,2.9871,2.9612,2.9358,2.9111,2.887,2.8636,2.8407,2.8185,2.7968,2.7758,2.7554,2.7356,2.7163,2.6977,2.6797,2.6623,2.6454,2.6292,2.6136,2.5986,2.5841,2.5703,2.5571,2.5445,2.5325,2.5212,2.5105,2.5004,2.4909,2.4821,2.4739,2.4664,2.4595,2.4533,2.4478,2.443,2.4389,2.4355,2.4329,2.431,2.4298,2.4294
5.9056,5.8236,5.7431,5.6641,5.5865,5.5103,5.4355,5.3621,5.29,5.2192,5.1497,5.0815,5.0145,4.9488,4.8842,4.8209,4.7587,4.6976,4.6377,4.5789,4.5211,4.4645,4.4089,4.3543,4.3007,4.2482,4.1966,4.146,4.0963,4.0476,3.9998,3.9529,3.9069,3.8618,3.8176,3.7742,3.7317,3.69,3.6491,3.609,3.5697,3.5312,3.4934,3.4564,3.4202,3.3847,3.3499,3.3159,3.2826,3.25,3.2181,3.1868,3.1563,3.1264,3.0972,3.0686,3.0407,3.0135,2.9869,2.9609,2.9356,2.9109,2.8868,2.8633,2.8404,2.8182,2.7966,2.7755,2.7551,2.7353,2.7161,2.6974,2.6794,2.662,2.6452,2.6289,2.6133,2.5983,2.5839,2.57,2.5568,2.5442,2.5323,2.5209,2.5102,2.5001,2.4906,2.4818,2.4736,2.4661,2.4592,2.453,2.4475,2.4427,2.4386,2.4352,2.4326,2.4307,2.4295,2.4291
5.9055,5.8235,5.743,5.664,5.5864,5.5102,5.4354,5.362,5.2899,5.2191,5.1496,5.0814,5.0144,4.9486,4.8841,4.8207,4.7585,4.6975,4.6375,4.5787,4.521,4.4643,4.4087,4.3541,4.3006,4.248,4.1964,4.1458,4.0961,4.0474,3.9996,3.9528,3.9068,3.8617,3.8174,3.774,3.7315,3.6898,3.6489,3.6088,3.5695,3.5309,3.4932,3.4562,3.42,3.3845,3.3497,3.3157,3.2824,3.2498,3.2178,3.1866,3.156,3.1262,3.0969,3.0684,3.0405,3.0132,2.9866,2.9607,2.9353,2.9106,2.8865,2.863,2.8402,2.8179,2.7963,2.7753,2.7548,2.735,2.7158,2.6972,2.6791,2.6617,2.6449,2.6287,2.613,2.598,2.5836,2.5698,2.5566,2.544,2.532,2.5206,2.5099,2.4998,2.4903,2.4815,2.4733,2.4658,2.4589,2.4527,2.4472,2.4424,2.4383,2.4349,2.4323,2.4304,2.4292,2.4288
5.9054,5.8234,5.7429,5.6639,5.5863,5.5101,5.4353,5.3619,5.2898,5.219,5.1495,5.0812,5.0143,4.9485,4.884,4.8206,4.7584,4.6973,4.6374,4.5786,4.5208,4.4642,4.4085,4.354,4.3004,4.2478,4.1963,4.1456,4.096,4.0473,3.9995,3.9526,3.9066,3.8615,3.8172,3.7738,3.7313,3.6896,3.6487,3.6086,3.5693,3.5308,3.493,3.456,3.4198,3.3843,3.3495,3.3155,3.2822,3.2495,3.2176,3.1864,3.1558,3.1259,3.0967,3.0682,3.0403,3.013,2.9864,2.9604,2.9351,2.9104,2.8863,2.8628,2.84,2.8177,2.7961,2.775,2.7546,2.7348,2.7156,2.6969,2.6789,2.6615,2.6446,2.6284,2.6128,2.5977,2.5833,2.5695,2.5563,2.5437,2.5317,2.5204,2.5096,2.4995,2.49,2.4812,2.473,2.4655,2.4586,2.4525,2.447,2.4422,2.4381,2.4347,2.432,2.4301,2.4289,2.4286
5.9053,5.8233,5.7428,5.6638,5.5862,5.51,5.4352,5.3618,5.2896,5.2189,5.1494,5.0811,5.0141,4.9484,4.8838,4.8205,4.7583,4.6972,4.6373,4.5784,4.5207,4.464,4.4084,4.3538,4.3003,4.2477,4.1961,4.1455,4.0958,4.0471,3.9993,3.9524,3.9064,3.8613,3.8171,3.7737,3.7311,3.6894,3.6485,3.6084,3.5691,3.5306,3.4928,3.4558,3.4196,3.3841,3.3493,3.3153,3.282,3.2494,3.2174,3.1862,3.1556,3.1257,3.0965,3.068,3.0401,3.0128,2.9862,2.9602,2.9349,2.9102,2.8861,2.8626,2.8397,2.8175,2.7958,2.7748,2.7544,2.7346,2.7153,2.6967,2.6787,2.6612,2.6444,2.6282,2.6125,2.5975,2.5831,2.5693,2.5561,2.5435,2.5315,2.5201,2.5094,2.4993,2.4898,2.481,2.4728,2.4653,2.4584,2.4522,2.4467,2.4419,2.4378,2.4344,2.4318,2.4299,2.4287,2.4283
