0.01,0.01,0.01,0.01,0.01,0.01,0.01,0.01,0.01,0.01,0.01,0.01,0.01,0.01,0.01,0.01,0.01,0.01,0.01,0.01,0.01,0.01,0.01,0.01,0.01,0.01,0.01,0.01,0.01,0.01,0.01,0.01,0.01,0.01,0.01,0.01,0.01,0.01,0.01,0.01,0.01,0.01,0.01,0.01,0.01,0.01,0.01,0.01,0.01,0.01,0.01,0.01,0.01,0.01,0.01,0.01,0.01,0.01,0.01,0.01,0.01,0.01,0.01,0.01,0.01,0.01,0.01,0.01,0.01,0.01,0.01,0.01,0.01,0.01,0.01,0.01,0.01,0.01,0.01,0.01,0.01,0.01,0.01,0.01,0.01,0.01,0.01,0.01,0.01,0.01,0.01,0.01,0.01,0.01,0.01,0.01,0.01,0.01,0.01,0.01
0.094329,0.095945,0.097401,0.098707,0.099877,0.10092,0.10185,0.10267,0.1034,0.10404,0.10461,0.1051,0.10553,0.10591,0.10623,0.10651,0.10675,0.10696,0.10714,0.10729,0.10742,0.10753,0.10762,0.1077,0.10776,0.10782,0.10786,0.1079,0.10793,0.10796,0.10798,0.10799,0.10801,0.10802,0.10803,0.10804,0.10804,0.10805,0.10805,0.10806,0.10806,0.10806,0.10806,0.10806,0.10807,0.10807,0.10807,0.10807,0.10807,0.10807,0.10807,0.10807,0.10807,0.10807,0.10807,0.10807,0.10807,0.10807,0.10807,0.10807,0.10807,0.10807,0.10807,0.10807,0.10807,0.10807,0.10807,0.10807,0.10807,0.10807,0.10807,0.10807,0.10807,0.10807,0.10807,0.10807,0.10807,0.10807,0.10807,0.10807,0.10807,0.10807,0.10807,0.10807,0.10807,0.10807,0.10807,0.10807,0.10807,0.10807,0.10807,0.10807,0.10807,0.10807,0.10807,0.10807,0.10807,0.10807,0.10807,0.10807
0.16392,0.16693,0.16972,0.17233,0.17474,0.17699,0.17907,0.18099,0.18277,0.1844,0.18591,0.1873,0.18857,0.18974,0.19081,0.19179,0.19268,0.19349,0.19422,0.19489,0.1955,0.19605,0.19654,0.19698,0.19739,0.19774,0.19807,0.19836,0.19861,0.19884,0.19905,0.19923,0.19939,0.19953,0.19966,0.19977,0.19986,0.19995,0.20003,0.20009,0.20015,0.2002,0.20024,0.20028,0.20031,0.20034,0.20037,0.20039,0.20041,0.20042,0.20044,0.20045,0.20046,0.20047,0.20048,0.20048,0.20049,0.20049,0.2005,0.2005,0.2005,0.20051,0.20051,0.20051,0.20051,0.20051,0.20051,0.20052,0.20052,0.20052,0.20052,0.20052,0.20052,0.20052,0.20052,0.20052,0.20052,0.20052,0.20052,0.20052,0.20052,0.20052,0.20052,0.20052,0.20052,0.20052,0.20052,0.20052,0.20052,0.20052,0.20052,0.20052,0.20052,0.20052,0.20052,0.20052,0.20052,0.20052,0.20052,0.20052
0.22405,0.22825,0.23223,0.23598,0.23953,0.24287,0.24602,0.24899,0.25178,0.25439,0.25685,0.25916,0.26131,0.26333,0.26522,0.26698,0.26863,0.27016,0.27158,0.27291,0.27414,0.27528,0.27634,0.27732,0.27822,0.27906,0.27983,0.28054,0.28119,0.2818,0.28235,0.28285,0.28332,0.28374,0.28413,0.28448,0.2848,0.28509,0.28536,0.2856,0.28582,0.28602,0.2862,0.28636,0.2865,0.28664,0.28675,0.28686,0.28696,0.28704,0.28712,0.28719,0.28725,0.2873,0.28735,0.28739,0.28743,0.28747,0.2875,0.28752,0.28755,0.28757,0.28759,0.2876,0.28762,0.28763,0.28764,0.28765,0.28766,0.28767,0.28768,0.28768,0.28769,0.28769,0.2877,0.2877,0.2877,0.2877,0.28771,0.28771,0.28771,0.28771,0.28771,0.28771,0.28772,0.28772,0.28772,0.28772,0.28772,0.28772,0.28772,0.28772,0.28772,0.28772,0.28772,0.28772,0.28772,0.28772,0.28772,0.28772
0.27689,0.28215,0.28717,0.29196,0.29652,0.30085,0.30498,0.3089,0.31263,0.31616,0.31951,0.32269,0.3257,0.32855,0.33124,0.33379,0.33619,0.33846,0.34059,0.34261,0.3445,0.34628,0.34796,0.34953,0.35101,0.35239,0.35368,0.3549,0.35603,0.35709,0.35808,0.359,0.35986,0.36066,0.36141,0.3621,0.36274,0.36334,0.36389,0.3644,0.36488,0.36531,0.36572,0.36609,0.36644,0.36675,0.36704,0.36731,0.36756,0.36778,0.36799,0.36818,0.36835,0.36851,0.36866,0.36879,0.36891,0.36902,0.36912,0.36921,0.36929,0.36936,0.36943,0.36949,0.36955,0.3696,0.36964,0.36968,0.36972,0.36975,0.36978,0.36981,0.36983,0.36985,0.36987,0.36989,0.3699,0.36992,0.36993,0.36994,0.36995,0.36996,0.36997,0.36997,0.36998,0.36998,0.36999,0.36999,0.37,0.37,0.37,0.37,0.37001,0.37001,0.37001,0.37001,0.37001,0.37001,0.37001,0.37001
0.32371,0.32992,0.33587,0.34158,0.34705,0.35228,0.3573,0.36209,0.36668,0.37106,0.37525,0.37924,0.38305,0.38668,0.39015,0.39344,0.39658,0.39957,0.4024,0.4051,0.40766,0.41009,0.41239,0.41457,0.41664,0.4186,0.42045,0.4222,0.42385,0.42541,0.42688,0.42827,0.42957,0.4308,0.43196,0.43305,0.43407,0.43503,0.43594,0.43678,0.43757,0.43831,0.43901,0.43965,0.44026,0.44082,0.44135,0.44184,0.4423,0.44272,0.44312,0.44349,0.44383,0.44415,0.44444,0.44471,0.44496,0.44519,0.44541,0.44561,0.44579,0.44596,0.44611,0.44626,0.44639,0.44651,0.44662,0.44672,0.44681,0.4469,0.44698,0.44705,0.44711,0.44717,0.44723,0.44728,0.44732,0.44736,0.4474,0.44743,0.44746,0.44749,0.44752,0.44754,0.44756,0.44758,0.44759,0.44761,0.44762,0.44763,0.44764,0.44765,0.44766,0.44767,0.44767,0.44768,0.44768,0.44768,0.44768,0.44768
0.36553,0.37257,0.37936,0.3859,0.39219,0.39824,0.40406,0.40965,0.41502,0.42018,0.42513,0.42988,0.43444,0.4388,0.44299,0.44699,0.45083,0.45449,0.458,0.46135,0.46455,0.46761,0.47053,0.47331,0.47596,0.47849,0.4809,0.48319,0.48537,0.48744,0.48941,0.49128,0.49305,0.49474,0.49633,0.49785,0.49928,0.50064,0.50192,0.50314,0.50428,0.50537,0.50639,0.50735,0.50826,0.50912,0.50992,0.51068,0.5114,0.51207,0.5127,0.51329,0.51384,0.51436,0.51485,0.5153,0.51573,0.51613,0.5165,0.51685,0.51717,0.51747,0.51776,0.51802,0.51826,0.51849,0.5187,0.5189,0.51908,0.51925,0.5194,0.51955,0.51968,0.5198,0.51992,0.52002,0.52012,0.52021,0.52029,0.52037,0.52044,0.5205,0.52056,0.52061,0.52066,0.52071,0.52075,0.52078,0.52082,0.52084,0.52087,0.52089,0.52091,0.52093,0.52094,0.52096,0.52097,0.52097,0.52098,0.52098
0.40309,0.41089,0.41843,0.42572,0.43275,0.43954,0.44609,0.45241,0.4585,0.46437,0.47002,0.47547,0.48071,0.48575,0.4906,0.49527,0.49975,0.50406,0.5082,0.51217,0.51598,0.51964,0.52314,0.5265,0.52972,0.5328,0.53575,0.53857,0.54127,0.54384,0.54631,0.54866,0.55091,0.55305,0.55509,0.55704,0.55889,0.56066,0.56234,0.56394,0.56547,0.56691,0.56829,0.56959,0.57083,0.572,0.57312,0.57417,0.57517,0.57612,0.57701,0.57786,0.57866,0.57942,0.58013,0.5808,0.58144,0.58204,0.5826,0.58313,0.58363,0.5841,0.58454,0.58496,0.58535,0.58571,0.58605,0.58637,0.58668,0.58696,0.58722,0.58747,0.58769,0.58791,0.58811,0.58829,0.58847,0.58863,0.58878,0.58892,0.58904,0.58916,0.58927,0.58937,0.58947,0.58955,0.58963,0.5897,0.58976,0.58982,0.58987,0.58992,0.58996,0.58999,0.59002,0.59005,0.59007,0.59008,0.59009,0.59009
0.43695,0.44544,0.45366,0.46162,0.46933,0.47679,0.484,0.49098,0.49773,0.50425,0.51054,0.51663,0.5225,0.52818,0.53365,0.53893,0.54402,0.54892,0.55365,0.5582,0.56259,0.56681,0.57087,0.57478,0.57853,0.58215,0.58561,0.58895,0.59215,0.59522,0.59816,0.60099,0.6037,0.60629,0.60878,0.61116,0.61344,0.61562,0.6177,0.61969,0.6216,0.62342,0.62515,0.62681,0.62839,0.6299,0.63134,0.63271,0.63401,0.63525,0.63643,0.63755,0.63862,0.63964,0.6406,0.64151,0.64238,0.6432,0.64398,0.64472,0.64542,0.64609,0.64671,0.6473,0.64786,0.64839,0.64889,0.64936,0.64981,0.65023,0.65062,0.65099,0.65134,0.65167,0.65197,0.65226,0.65253,0.65278,0.65302,0.65324,0.65345,0.65364,0.65382,0.65398,0.65413,0.65427,0.6544,0.65452,0.65463,0.65473,0.65481,0.65489,0.65496,0.65502,0.65507,0.65511,0.65514,0.65516,0.65518,0.65518
0.46761,0.47671,0.48555,0.49413,0.50245,0.51052,0.51834,0.52592,0.53327,0.54038,0.54727,0.55395,0.5604,0.56665,0.5727,0.57854,0.5842,0.58966,0.59494,0.60003,0.60496,0.60971,0.61429,0.61872,0.62298,0.6271,0.63106,0.63488,0.63856,0.6421,0.64551,0.64879,0.65195,0.65498,0.6579,0.6607,0.6634,0.66598,0.66846,0.67085,0.67313,0.67532,0.67742,0.67943,0.68136,0.68321,0.68497,0.68666,0.68828,0.68983,0.6913,0.69271,0.69406,0.69535,0.69658,0.69775,0.69886,0.69992,0.70094,0.7019,0.70282,0.70369,0.70452,0.70531,0.70606,0.70677,0.70745,0.70809,0.7087,0.70927,0.70981,0.71033,0.71082,0.71127,0.71171,0.71212,0.7125,0.71286,0.7132,0.71352,0.71382,0.7141,0.71436,0.71461,0.71483,0.71504,0.71524,0.71541,0.71557,0.71572,0.71585,0.71597,0.71608,0.71617,0.71624,0.71631,0.71635,0.71639,0.71641,0.71642
0.49543,0.5051,0.5145,0.52364,0.53251,0.54114,0.54951,0.55765,0.56554,0.57321,0.58064,0.58786,0.59485,0.60164,0.60821,0.61458,0.62076,0.62674,0.63253,0.63813,0.64356,0.64881,0.65388,0.65879,0.66354,0.66813,0.67256,0.67684,0.68098,0.68497,0.68882,0.69254,0.69613,0.69959,0.70292,0.70613,0.70923,0.71221,0.71508,0.71784,0.7205,0.72306,0.72551,0.72788,0.73015,0.73233,0.73443,0.73644,0.73837,0.74022,0.742,0.7437,0.74534,0.7469,0.7484,0.74983,0.7512,0.75252,0.75377,0.75497,0.75612,0.75721,0.75826,0.75926,0.76021,0.76111,0.76198,0.7628,0.76358,0.76433,0.76503,0.76571,0.76634,0.76695,0.76752,0.76807,0.76858,0.76906,0.76952,0.76995,0.77036,0.77074,0.77109,0.77143,0.77174,0.77202,0.77229,0.77254,0.77276,0.77297,0.77315,0.77332,0.77346,0.77359,0.7737,0.77378,0.77385,0.7739,0.77393,0.77394
0.52073,0.53091,0.54082,0.55047,0.55986,0.56899,0.57787,0.58651,0.59491,0.60308,0.61102,0.61873,0.62622,0.63349,0.64056,0.64742,0.65408,0.66054,0.6668,0.67288,0.67878,0.68449,0.69003,0.6954,0.7006,0.70563,0.71051,0.71523,0.7198,0.72422,0.72849,0.73263,0.73662,0.74049,0.74422,0.74783,0.75131,0.75467,0.75792,0.76105,0.76407,0.76698,0.76979,0.7725,0.77511,0.77762,0.78004,0.78238,0.78462,0.78678,0.78885,0.79085,0.79277,0.79461,0.79638,0.79808,0.79971,0.80128,0.80278,0.80422,0.8056,0.80693,0.80819,0.80941,0.81057,0.81168,0.81274,0.81375,0.81472,0.81564,0.81652,0.81736,0.81816,0.81892,0.81964,0.82033,0.82098,0.82159,0.82218,0.82273,0.82325,0.82374,0.8242,0.82463,0.82503,0.8254,0.82575,0.82607,0.82636,0.82663,0.82688,0.82709,0.82728,0.82745,0.82759,0.82771,0.8278,0.82787,0.82791,0.82792
0.54375,0.5544,0.56477,0.57488,0.58474,0.59433,0.60368,0.61278,0.62165,0.63027,0.63867,0.64684,0.65479,0.66252,0.67004,0.67735,0.68445,0.69136,0.69807,0.70459,0.71092,0.71707,0.72304,0.72884,0.73446,0.73992,0.74521,0.75034,0.75532,0.76015,0.76482,0.76935,0.77374,0.77799,0.78211,0.78609,0.78994,0.79367,0.79728,0.80077,0.80415,0.80741,0.81056,0.8136,0.81654,0.81938,0.82212,0.82476,0.82731,0.82977,0.83214,0.83443,0.83663,0.83876,0.8408,0.84277,0.84466,0.84648,0.84823,0.84992,0.85154,0.85309,0.85458,0.85602,0.85739,0.85871,0.85997,0.86118,0.86234,0.86345,0.86451,0.86552,0.86648,0.8674,0.86828,0.86912,0.86991,0.87067,0.87138,0.87206,0.8727,0.8733,0.87387,0.87441,0.87491,0.87537,0.87581,0.87621,0.87657,0.87691,0.87722,0.87749,0.87773,0.87794,0.87812,0.87827,0.87838,0.87846,0.87851,0.87853
0.56484,0.57591,0.58671,0.59725,0.60753,0.61756,0.62733,0.63686,0.64615,0.6552,0.66402,0.67261,0.68098,0.68914,0.69707,0.7048,0.71232,0.71965,0.72677,0.7337,0.74044,0.74699,0.75336,0.75956,0.76558,0.77143,0.77711,0.78263,0.788,0.7932,0.79825,0.80316,0.80792,0.81253,0.81701,0.82135,0.82556,0.82964,0.83359,0.83742,0.84113,0.84472,0.8482,0.85157,0.85482,0.85797,0.86102,0.86397,0.86682,0.86957,0.87223,0.8748,0.87728,0.87967,0.88198,0.88421,0.88636,0.88843,0.89043,0.89235,0.89421,0.89599,0.89771,0.89936,0.90094,0.90247,0.90393,0.90534,0.90669,0.90798,0.90922,0.91041,0.91154,0.91263,0.91366,0.91465,0.91559,0.91649,0.91734,0.91814,0.91891,0.91963,0.92031,0.92095,0.92155,0.92211,0.92263,0.92312,0.92356,0.92397,0.92434,0.92467,0.92496,0.92521,0.92543,0.92561,0.92575,0.92585,0.92591,0.92593
0.58413,0.59559,0.60679,0.61772,0.62839,0.6388,0.64897,0.65889,0.66857,0.67802,0.68723,0.69621,0.70497,0.71351,0.72184,0.72995,0.73786,0.74556,0.75307,0.76038,0.7675,0.77443,0.78118,0.78775,0.79414,0.80036,0.80641,0.81229,0.81802,0.82358,0.82899,0.83424,0.83935,0.84431,0.84913,0.85381,0.85836,0.86277,0.86705,0.87121,0.87524,0.87915,0.88294,0.88661,0.89017,0.89363,0.89697,0.90021,0.90335,0.90638,0.90932,0.91216,0.91491,0.91757,0.92014,0.92263,0.92503,0.92735,0.92959,0.93175,0.93383,0.93584,0.93778,0.93965,0.94144,0.94318,0.94484,0.94644,0.94798,0.94946,0.95088,0.95224,0.95355,0.95479,0.95599,0.95713,0.95822,0.95926,0.96024,0.96118,0.96207,0.96291,0.96371,0.96446,0.96516,0.96581,0.96643,0.96699,0.96752,0.96799,0.96843,0.96882,0.96916,0.96946,0.96972,0.96993,0.9701,0.97021,0.97029,0.97031
0.60186,0.61368,0.62524,0.63653,0.64756,0.65833,0.66886,0.67914,0.68919,0.69899,0.70856,0.71791,0.72703,0.73593,0.74461,0.75309,0.76135,0.76941,0.77727,0.78494,0.79241,0.79969,0.80679,0.81371,0.82045,0.82701,0.8334,0.83963,0.84569,0.85159,0.85733,0.86292,0.86836,0.87364,0.87879,0.88379,0.88865,0.89338,0.89797,0.90243,0.90677,0.91098,0.91507,0.91904,0.92289,0.92663,0.93026,0.93378,0.93719,0.9405,0.9437,0.94681,0.94982,0.95274,0.95556,0.95829,0.96093,0.96349,0.96596,0.96835,0.97066,0.97289,0.97505,0.97713,0.97913,0.98107,0.98293,0.98472,0.98645,0.98811,0.98971,0.99124,0.99271,0.99412,0.99547,0.99677,0.998,0.99918,1.0003,1.0014,1.0024,1.0033,1.0043,1.0051,1.0059,1.0067,1.0074,1.008,1.0086,1.0092,1.0097,1.0101,1.0105,1.0109,1.0112,1.0114,1.0116,1.0117,1.0118,1.0118
0.61823,0.63038,0.64226,0.65388,0.66525,0.67636,0.68722,0.69784,0.70821,0.71835,0.72826,0.73794,0.74739,0.75663,0.76564,0.77445,0.78305,0.79144,0.79963,0.80763,0.81543,0.82304,0.83046,0.8377,0.84476,0.85165,0.85836,0.86491,0.87128,0.8775,0.88355,0.88945,0.89519,0.90079,0.90624,0.91154,0.9167,0.92172,0.92661,0.93136,0.93598,0.94048,0.94485,0.9491,0.95323,0.95724,0.96114,0.96492,0.9686,0.97216,0.97563,0.97899,0.98224,0.9854,0.98847,0.99144,0.99431,0.9971,0.9998,1.0024,1.0049,1.0074,1.0097,1.012,1.0142,1.0164,1.0184,1.0204,1.0223,1.0241,1.0259,1.0276,1.0292,1.0308,1.0323,1.0338,1.0351,1.0365,1.0377,1.0389,1.04,1.0411,1.0421,1.0431,1.044,1.0449,1.0456,1.0464,1.0471,1.0477,1.0482,1.0487,1.0492,1.0496,1.0499,1.0502,1.0504,1.0506,1.0507,1.0507
0.63327,0.64573,0.65792,0.66985,0.68152,0.69294,0.70411,0.71503,0.72572,0.73616,0.74638,0.75637,0.76613,0.77568,0.785,0.79412,0.80302,0.81172,0.82022,0.82852,0.83663,0.84455,0.85227,0.85982,0.86718,0.87437,0.88138,0.88822,0.8949,0.90141,0.90775,0.91394,0.91998,0.92586,0.9316,0.93718,0.94263,0.94793,0.95309,0.95812,0.96302,0.96778,0.97242,0.97694,0.98133,0.9856,0.98975,0.99379,0.99772,1.0015,1.0052,1.0088,1.0123,1.0157,1.019,1.0222,1.0253,1.0283,1.0312,1.0341,1.0368,1.0395,1.042,1.0445,1.0469,1.0492,1.0515,1.0536,1.0557,1.0577,1.0597,1.0615,1.0633,1.065,1.0667,1.0683,1.0698,1.0713,1.0726,1.074,1.0752,1.0764,1.0775,1.0786,1.0796,1.0806,1.0814,1.0822,1.083,1.0837,1.0843,1.0849,1.0854,1.0858,1.0862,1.0865,1.0867,1.0869,1.087,1.0871
0.64723,0.65997,0.67244,0.68466,0.69661,0.70831,0.71977,0.73098,0.74195,0.75269,0.76319,0.77347,0.78352,0.79335,0.80297,0.81237,0.82156,0.83055,0.83933,0.84792,0.85631,0.86451,0.87252,0.88035,0.888,0.89546,0.90276,0.90988,0.91683,0.92361,0.93024,0.9367,0.94301,0.94916,0.95516,0.96102,0.96672,0.97229,0.97772,0.983,0.98816,0.99318,0.99807,1.0028,1.0075,1.012,1.0164,1.0207,1.0248,1.0289,1.0328,1.0366,1.0404,1.044,1.0475,1.0509,1.0542,1.0575,1.0606,1.0636,1.0665,1.0694,1.0721,1.0748,1.0774,1.0799,1.0823,1.0846,1.0869,1.0891,1.0912,1.0932,1.0951,1.097,1.0988,1.1005,1.1022,1.1038,1.1053,1.1067,1.1081,1.1094,1.1106,1.1118,1.1129,1.1139,1.1149,1.1158,1.1166,1.1174,1.1181,1.1187,1.1192,1.1197,1.1201,1.1205,1.1207,1.1209,1.121,1.1211
0.6601,0.6731,0.68584,0.69831,0.71053,0.7225,0.73422,0.74569,0.75693,0.76793,0.7787,0.78925,0.79956,0.80966,0.81954,0.82921,0.83867,0.84793,0.85698,0.86583,0.87449,0.88295,0.89123,0.89932,0.90723,0.91496,0.92252,0.9299,0.93711,0.94416,0.95104,0.95776,0.96432,0.97073,0.97698,0.98309,0.98905,0.99486,1.0005,1.0061,1.0115,1.0167,1.0219,1.0269,1.0317,1.0365,1.0411,1.0456,1.05,1.0543,1.0584,1.0625,1.0664,1.0703,1.074,1.0776,1.0811,1.0845,1.0879,1.0911,1.0942,1.0972,1.1002,1.103,1.1058,1.1085,1.1111,1.1136,1.116,1.1183,1.1206,1.1228,1.1249,1.1269,1.1288,1.1307,1.1325,1.1342,1.1358,1.1374,1.1388,1.1402,1.1416,1.1428,1.144,1.1452,1.1462,1.1472,1.1481,1.1489,1.1496,1.1503,1.1509,1.1514,1.1519,1.1523,1.1525,1.1527,1.1529,1.1529
0.67205,0.68529,0.69827,0.71099,0.72345,0.73566,0.74763,0.75935,0.77084,0.78209,0.7931,0.80389,0.81446,0.82481,0.83494,0.84486,0.85456,0.86407,0.87337,0.88247,0.89138,0.90009,0.90861,0.91695,0.92511,0.93309,0.94089,0.94851,0.95597,0.96326,0.97038,0.97734,0.98415,0.99079,0.99729,1.0036,1.0098,1.0159,1.0218,1.0275,1.0332,1.0387,1.044,1.0492,1.0543,1.0593,1.0641,1.0689,1.0735,1.078,1.0823,1.0866,1.0907,1.0948,1.0987,1.1025,1.1062,1.1098,1.1133,1.1167,1.1201,1.1233,1.1264,1.1294,1.1323,1.1352,1.1379,1.1406,1.1432,1.1457,1.1481,1.1504,1.1526,1.1548,1.1569,1.1588,1.1608,1.1626,1.1643,1.166,1.1676,1.1691,1.1705,1.1719,1.1732,1.1744,1.1755,1.1766,1.1775,1.1784,1.1792,1.1799,1.1806,1.1811,1.1816,1.182,1.1823,1.1826,1.1827,1.1827
0.68314,0.69661,0.70981,0.72276,0.73545,0.74789,0.76008,0.77204,0.78375,0.79523,0.80648,0.8175,0.8283,0.83888,0.84924,0.85939,0.86933,0.87907,0.8886,0.89794,0.90707,0.91602,0.92478,0.93335,0.94173,0.94994,0.95797,0.96583,0.97351,0.98103,0.98838,0.99557,1.0026,1.0095,1.0162,1.0228,1.0292,1.0354,1.0416,1.0475,1.0534,1.0591,1.0647,1.0701,1.0754,1.0806,1.0856,1.0906,1.0954,1.1,1.1046,1.1091,1.1134,1.1176,1.1217,1.1257,1.1296,1.1334,1.1371,1.1407,1.1442,1.1476,1.1509,1.1541,1.1571,1.1601,1.1631,1.1659,1.1686,1.1712,1.1738,1.1762,1.1786,1.1809,1.1831,1.1852,1.1872,1.1892,1.191,1.1928,1.1945,1.1961,1.1977,1.1991,1.2005,1.2018,1.203,1.2041,1.2051,1.2061,1.2069,1.2077,1.2084,1.209,1.2095,1.2099,1.2103,1.2105,1.2106,1.2107
0.69344,0.70712,0.72053,0.73369,0.74659,0.75924,0.77165,0.78381,0.79574,0.80744,0.8189,0.83014,0.84115,0.85195,0.86253,0.87289,0.88305,0.893,0.90275,0.91231,0.92166,0.93082,0.9398,0.94859,0.95719,0.96561,0.97386,0.98193,0.98983,0.99756,1.0051,1.0125,1.0198,1.0268,1.0338,1.0405,1.0472,1.0536,1.06,1.0662,1.0722,1.0781,1.0839,1.0895,1.095,1.1004,1.1057,1.1108,1.1158,1.1206,1.1254,1.13,1.1346,1.139,1.1433,1.1474,1.1515,1.1555,1.1593,1.1631,1.1667,1.1703,1.1737,1.1771,1.1803,1.1835,1.1865,1.1895,1.1924,1.1951,1.1978,1.2004,1.2029,1.2053,1.2076,1.2099,1.212,1.2141,1.2161,1.2179,1.2197,1.2214,1.2231,1.2246,1.226,1.2274,1.2287,1.2299,1.2309,1.232,1.2329,1.2337,1.2344,1.2351,1.2356,1.2361,1.2364,1.2367,1.2368,1.2369
0.70304,0.71691,0.73052,0.74387,0.75697,0.76982,0.78243,0.79479,0.80692,0.81881,0.83048,0.84192,0.85313,0.86413,0.87491,0.88548,0.89584,0.906,0.91595,0.92571,0.93527,0.94463,0.95381,0.9628,0.97161,0.98023,0.98868,0.99696,1.0051,1.013,1.0208,1.0284,1.0358,1.0431,1.0502,1.0572,1.064,1.0707,1.0772,1.0836,1.0898,1.0959,1.1019,1.1077,1.1134,1.1189,1.1244,1.1297,1.1349,1.1399,1.1448,1.1497,1.1543,1.1589,1.1634,1.1677,1.172,1.1761,1.1801,1.184,1.1879,1.1916,1.1952,1.1986,1.202,1.2053,1.2085,1.2116,1.2146,1.2175,1.2204,1.2231,1.2257,1.2282,1.2307,1.233,1.2353,1.2374,1.2395,1.2415,1.2434,1.2452,1.2469,1.2485,1.25,1.2514,1.2528,1.254,1.2552,1.2563,1.2572,1.2581,1.2589,1.2595,1.2601,1.2606,1.261,1.2612,1.2614,1.2614
0.71194,0.72599,0.73978,0.75332,0.7666,0.77963,0.79242,0.80497,0.81728,0.82937,0.84122,0.85284,0.86425,0.87543,0.8864,0.89716,0.90771,0.91806,0.9282,0.93814,0.94789,0.95745,0.96682,0.976,0.98499,0.99381,1.0024,1.0109,1.0192,1.0273,1.0353,1.0431,1.0507,1.0582,1.0655,1.0726,1.0796,1.0865,1.0932,1.0998,1.1062,1.1125,1.1186,1.1246,1.1305,1.1362,1.1418,1.1473,1.1526,1.1579,1.163,1.1679,1.1728,1.1775,1.1822,1.1867,1.1911,1.1954,1.1995,1.2036,1.2075,1.2114,1.2151,1.2188,1.2223,1.2257,1.2291,1.2323,1.2354,1.2385,1.2414,1.2443,1.247,1.2496,1.2522,1.2546,1.257,1.2593,1.2614,1.2635,1.2655,1.2674,1.2692,1.2709,1.2725,1.274,1.2754,1.2767,1.2779,1.279,1.28,1.2809,1.2817,1.2825,1.2831,1.2836,1.284,1.2842,1.2844,1.2845
0.72026,0.73447,0.74843,0.76214,0.77559,0.7888,0.80176,0.81448,0.82697,0.83922,0.85125,0.86305,0.87463,0.88599,0.89714,0.90807,0.9188,0.92932,0.93964,0.94977,0.95969,0.96943,0.97897,0.98833,0.99751,1.0065,1.0153,1.024,1.0324,1.0407,1.0489,1.0568,1.0646,1.0723,1.0798,1.0871,1.0943,1.1013,1.1082,1.1149,1.1215,1.1279,1.1342,1.1404,1.1465,1.1524,1.1581,1.1638,1.1693,1.1747,1.1799,1.1851,1.1901,1.195,1.1998,1.2044,1.209,1.2134,1.2177,1.2219,1.226,1.23,1.2339,1.2377,1.2413,1.2449,1.2484,1.2517,1.255,1.2581,1.2612,1.2641,1.267,1.2697,1.2724,1.2749,1.2774,1.2798,1.282,1.2842,1.2862,1.2882,1.2901,1.2919,1.2935,1.2951,1.2966,1.2979,1.2992,1.3004,1.3014,1.3024,1.3032,1.304,1.3046,1.3051,1.3055,1.3058,1.306,1.3061
0.72806,0.74243,0.75655,0.77041,0.78403,0.79739,0.81052,0.8234,0.83605,0.84847,0.86066,0.87263,0.88437,0.8959,0.90721,0.91831,0.92921,0.9399,0.95039,0.96068,0.97077,0.98067,0.99039,0.99991,1.0093,1.0184,1.0274,1.0362,1.0448,1.0533,1.0616,1.0697,1.0777,1.0855,1.0932,1.1007,1.108,1.1152,1.1222,1.1291,1.1359,1.1425,1.149,1.1553,1.1615,1.1675,1.1735,1.1793,1.1849,1.1905,1.1959,1.2012,1.2063,1.2114,1.2163,1.2211,1.2258,1.2303,1.2348,1.2392,1.2434,1.2475,1.2515,1.2554,1.2592,1.2629,1.2665,1.27,1.2733,1.2766,1.2798,1.2828,1.2858,1.2886,1.2914,1.294,1.2966,1.299,1.3014,1.3036,1.3058,1.3078,1.3098,1.3116,1.3134,1.315,1.3165,1.318,1.3193,1.3205,1.3216,1.3226,1.3235,1.3242,1.3249,1.3255,1.3259,1.3262,1.3264,1.3264
0.73537,0.74989,0.76416,0.77817,0.79193,0.80545,0.81873,0.83177,0.84457,0.85714,0.86948,0.8816,0.8935,0.90519,0.91666,0.92791,0.93897,0.94981,0.96046,0.9709,0.98116,0.99122,1.0011,1.0108,1.0203,1.0296,1.0387,1.0477,1.0565,1.0651,1.0736,1.0819,1.09,1.0979,1.1058,1.1134,1.1209,1.1282,1.1354,1.1425,1.1494,1.1562,1.1628,1.1692,1.1756,1.1818,1.1879,1.1938,1.1996,1.2053,1.2108,1.2163,1.2216,1.2268,1.2318,1.2368,1.2416,1.2463,1.2509,1.2553,1.2597,1.264,1.2681,1.2721,1.276,1.2798,1.2835,1.2871,1.2906,1.294,1.2972,1.3004,1.3035,1.3064,1.3093,1.312,1.3147,1.3172,1.3196,1.322,1.3242,1.3263,1.3283,1.3302,1.332,1.3337,1.3353,1.3368,1.3382,1.3394,1.3406,1.3416,1.3425,1.3433,1.344,1.3446,1.345,1.3453,1.3455,1.3456
0.74219,0.75685,0.77126,0.78541,0.79931,0.81297,0.82639,0.83957,0.85251,0.86523,0.87772,0.88998,0.90203,0.91385,0.92547,0.93687,0.94807,0.95906,0.96986,0.98045,0.99085,1.0011,1.0111,1.0209,1.0306,1.04,1.0493,1.0584,1.0674,1.0761,1.0847,1.0932,1.1014,1.1096,1.1175,1.1253,1.133,1.1404,1.1478,1.155,1.162,1.1689,1.1757,1.1823,1.1888,1.1951,1.2013,1.2074,1.2134,1.2192,1.2249,1.2304,1.2359,1.2412,1.2464,1.2514,1.2564,1.2612,1.2659,1.2705,1.275,1.2794,1.2836,1.2878,1.2918,1.2957,1.2995,1.3032,1.3068,1.3103,1.3136,1.3169,1.32,1.3231,1.326,1.3289,1.3316,1.3342,1.3367,1.3391,1.3414,1.3436,1.3457,1.3477,1.3495,1.3513,1.3529,1.3545,1.3559,1.3572,1.3584,1.3594,1.3604,1.3612,1.3619,1.3625,1.363,1.3633,1.3635,1.3636
0.74861,0.7634,0.77794,0.79222,0.80626,0.82005,0.8336,0.84691,0.85999,0.87285,0.88547,0.89787,0.91005,0.92202,0.93377,0.94531,0.95665,0.96778,0.97871,0.98944,0.99998,1.0103,1.0205,1.0305,1.0402,1.0499,1.0593,1.0685,1.0776,1.0865,1.0953,1.1038,1.1123,1.1205,1.1286,1.1365,1.1443,1.1519,1.1594,1.1667,1.1739,1.181,1.1879,1.1946,1.2012,1.2077,1.214,1.2203,1.2263,1.2323,1.2381,1.2438,1.2493,1.2548,1.2601,1.2653,1.2703,1.2753,1.2801,1.2848,1.2894,1.2939,1.2983,1.3025,1.3066,1.3107,1.3146,1.3184,1.3221,1.3256,1.3291,1.3324,1.3357,1.3388,1.3419,1.3448,1.3476,1.3503,1.3529,1.3553,1.3577,1.36,1.3621,1.3642,1.3661,1.3679,1.3696,1.3712,1.3726,1.374,1.3752,1.3763,1.3773,1.3781,1.3789,1.3795,1.3799,1.3803,1.3805,1.3806
0.75469,0.7696,0.78426,0.79867,0.81283,0.82675,0.84043,0.85387,0.86707,0.88005,0.89281,0.90534,0.91765,0.92974,0.94162,0.9533,0.96476,0.97603,0.98709,0.99795,1.0086,1.0191,1.0294,1.0395,1.0494,1.0592,1.0687,1.0781,1.0873,1.0964,1.1052,1.1139,1.1225,1.1309,1.1391,1.1471,1.1551,1.1628,1.1704,1.1779,1.1852,1.1924,1.1994,1.2063,1.213,1.2196,1.2261,1.2324,1.2386,1.2447,1.2506,1.2564,1.2621,1.2676,1.2731,1.2784,1.2835,1.2886,1.2935,1.2984,1.3031,1.3076,1.3121,1.3165,1.3207,1.3248,1.3288,1.3327,1.3365,1.3402,1.3437,1.3472,1.3505,1.3537,1.3568,1.3598,1.3627,1.3655,1.3681,1.3707,1.3731,1.3754,1.3777,1.3797,1.3817,1.3836,1.3853,1.387,1.3885,1.3898,1.3911,1.3922,1.3932,1.3941,1.3949,1.3955,1.396,1.3963,1.3966,1.3966
0.76039,0.77542,0.7902,0.80472,0.819,0.83304,0.84683,0.86039,0.87372,0.88682,0.89969,0.91235,0.92478,0.93699,0.949,0.96079,0.97238,0.98377,0.99496,1.0059,1.0167,1.0273,1.0378,1.048,1.058,1.0679,1.0776,1.0871,1.0964,1.1056,1.1146,1.1234,1.1321,1.1406,1.1489,1.1571,1.1652,1.173,1.1808,1.1883,1.1958,1.2031,1.2102,1.2172,1.2241,1.2308,1.2374,1.2438,1.2501,1.2563,1.2624,1.2683,1.2741,1.2797,1.2853,1.2907,1.296,1.3011,1.3062,1.3111,1.3159,1.3206,1.3252,1.3296,1.3339,1.3382,1.3423,1.3462,1.3501,1.3539,1.3575,1.361,1.3644,1.3677,1.3709,1.374,1.377,1.3798,1.3825,1.3851,1.3876,1.39,1.3923,1.3944,1.3965,1.3984,1.4002,1.4018,1.4034,1.4048,1.4061,1.4073,1.4083,1.4092,1.41,1.4106,1.4111,1.4115,1.4117,1.4118
0.76576,0.7809,0.79578,0.81042,0.82481,0.83896,0.85286,0.86654,0.87998,0.89319,0.90617,0.91894,0.93149,0.94382,0.95594,0.96785,0.97955,0.99106,1.0024,1.0135,1.0244,1.0351,1.0456,1.056,1.0661,1.0761,1.0859,1.0955,1.105,1.1143,1.1234,1.1323,1.1411,1.1498,1.1582,1.1665,1.1747,1.1827,1.1905,1.1982,1.2057,1.2131,1.2204,1.2275,1.2345,1.2413,1.248,1.2546,1.261,1.2673,1.2734,1.2795,1.2854,1.2911,1.2968,1.3023,1.3077,1.313,1.3181,1.3231,1.328,1.3328,1.3375,1.342,1.3464,1.3507,1.3549,1.359,1.3629,1.3668,1.3705,1.3741,1.3776,1.381,1.3842,1.3874,1.3904,1.3933,1.3961,1.3988,1.4013,1.4038,1.4061,1.4083,1.4104,1.4123,1.4142,1.4159,1.4175,1.4189,1.4203,1.4214,1.4225,1.4234,1.4242,1.4249,1.4254,1.4258,1.426,1.4261
0.77084,0.78609,0.80108,0.81581,0.83031,0.84456,0.85857,0.87235,0.8859,0.89922,0.91231,0.92519,0.93784,0.95028,0.96251,0.97453,0.98635,0.99796,1.0094,1.0206,1.0316,1.0424,1.0531,1.0635,1.0738,1.0839,1.0938,1.1036,1.1131,1.1225,1.1317,1.1408,1.1497,1.1584,1.167,1.1754,1.1837,1.1918,1.1997,1.2075,1.2152,1.2227,1.2301,1.2373,1.2444,1.2513,1.2581,1.2648,1.2713,1.2777,1.2839,1.2901,1.2961,1.3019,1.3077,1.3133,1.3188,1.3241,1.3294,1.3345,1.3395,1.3444,1.3491,1.3537,1.3583,1.3626,1.3669,1.3711,1.3751,1.379,1.3828,1.3865,1.3901,1.3935,1.3968,1.4001,1.4032,1.4061,1.409,1.4117,1.4143,1.4168,1.4192,1.4214,1.4236,1.4256,1.4275,1.4292,1.4308,1.4323,1.4337,1.4349,1.436,1.4369,1.4377,1.4384,1.4389,1.4393,1.4396,1.4396
0.77568,0.79102,0.80611,0.82094,0.83554,0.84989,0.864,0.87788,0.89153,0.90495,0.91815,0.93113,0.94388,0.95643,0.96876,0.98089,0.99281,1.0045,1.016,1.0274,1.0385,1.0494,1.0602,1.0707,1.0811,1.0913,1.1013,1.1112,1.1209,1.1304,1.1397,1.1488,1.1578,1.1667,1.1754,1.1839,1.1922,1.2005,1.2085,1.2164,1.2242,1.2318,1.2393,1.2466,1.2538,1.2608,1.2677,1.2745,1.2811,1.2876,1.2939,1.3002,1.3063,1.3122,1.3181,1.3238,1.3293,1.3348,1.3401,1.3453,1.3504,1.3554,1.3602,1.3649,1.3695,1.374,1.3783,1.3826,1.3867,1.3907,1.3945,1.3983,1.4019,1.4054,1.4088,1.4121,1.4153,1.4183,1.4212,1.424,1.4267,1.4292,1.4316,1.4339,1.4361,1.4382,1.4401,1.4419,1.4435,1.445,1.4464,1.4477,1.4488,1.4498,1.4506,1.4513,1.4518,1.4522,1.4524,1.4525
0.78022,0.79565,0.81083,0.82576,0.84045,0.8549,0.86911,0.88308,0.89682,0.91034,0.92363,0.93671,0.94956,0.9622,0.97464,0.98686,0.99888,1.0107,1.0223,1.0337,1.045,1.056,1.0668,1.0775,1.088,1.0983,1.1084,1.1183,1.1281,1.1377,1.1471,1.1564,1.1655,1.1745,1.1832,1.1918,1.2003,1.2086,1.2168,1.2248,1.2326,1.2403,1.2479,1.2553,1.2626,1.2697,1.2767,1.2836,1.2903,1.2969,1.3033,1.3097,1.3158,1.3219,1.3278,1.3336,1.3393,1.3448,1.3502,1.3555,1.3607,1.3657,1.3706,1.3754,1.3801,1.3847,1.3891,1.3934,1.3976,1.4016,1.4056,1.4094,1.4131,1.4167,1.4201,1.4235,1.4267,1.4298,1.4328,1.4356,1.4383,1.4409,1.4434,1.4457,1.4479,1.45,1.452,1.4538,1.4555,1.457,1.4585,1.4597,1.4609,1.4619,1.4627,1.4634,1.464,1.4644,1.4646,1.4647
0.78453,0.80005,0.81531,0.83033,0.84511,0.85965,0.87394,0.88801,0.90184,0.91545,0.92884,0.942,0.95495,0.96768,0.98021,0.99252,1.0046,1.0165,1.0283,1.0398,1.0511,1.0622,1.0732,1.0839,1.0945,1.1049,1.1151,1.1251,1.135,1.1447,1.1542,1.1636,1.1728,1.1818,1.1907,1.1994,1.208,1.2164,1.2246,1.2327,1.2407,1.2485,1.2561,1.2636,1.271,1.2782,1.2853,1.2922,1.2991,1.3057,1.3123,1.3187,1.3249,1.3311,1.3371,1.343,1.3487,1.3543,1.3598,1.3652,1.3704,1.3756,1.3806,1.3854,1.3902,1.3948,1.3993,1.4037,1.4079,1.4121,1.4161,1.42,1.4237,1.4274,1.4309,1.4343,1.4375,1.4407,1.4437,1.4466,1.4494,1.452,1.4545,1.4569,1.4592,1.4613,1.4633,1.4651,1.4669,1.4685,1.4699,1.4712,1.4724,1.4734,1.4742,1.4749,1.4755,1.4759,1.4761,1.4762
0.78862,0.80423,0.81958,0.83468,0.84954,0.86416,0.87855,0.8927,0.90662,0.92031,0.93378,0.94703,0.96007,0.97289,0.9855,0.99791,1.0101,1.0221,1.0339,1.0455,1.0569,1.0681,1.0792,1.09,1.1007,1.1112,1.1215,1.1316,1.1416,1.1513,1.161,1.1704,1.1797,1.1888,1.1978,1.2066,1.2152,1.2237,1.2321,1.2402,1.2483,1.2562,1.2639,1.2715,1.279,1.2863,1.2935,1.3005,1.3074,1.3141,1.3208,1.3272,1.3336,1.3398,1.3459,1.3519,1.3577,1.3634,1.369,1.3744,1.3797,1.3849,1.39,1.3949,1.3997,1.4044,1.409,1.4135,1.4178,1.422,1.426,1.43,1.4338,1.4375,1.4411,1.4445,1.4479,1.4511,1.4541,1.4571,1.4599,1.4626,1.4651,1.4676,1.4699,1.472,1.4741,1.4759,1.4777,1.4793,1.4808,1.4821,1.4833,1.4843,1.4852,1.4859,1.4865,1.4869,1.4871,1.4872
0.79252,0.8082,0.82363,0.83882,0.85376,0.86846,0.88292,0.89715,0.91116,0.92493,0.93849,0.95182,0.96494,0.97785,0.99054,1.003,1.0153,1.0274,1.0393,1.051,1.0625,1.0738,1.0849,1.0958,1.1066,1.1171,1.1275,1.1378,1.1478,1.1577,1.1674,1.1769,1.1863,1.1955,1.2045,1.2134,1.2222,1.2307,1.2392,1.2474,1.2555,1.2635,1.2713,1.279,1.2866,1.294,1.3012,1.3083,1.3153,1.3221,1.3288,1.3354,1.3418,1.3481,1.3543,1.3603,1.3662,1.372,1.3777,1.3832,1.3886,1.3938,1.399,1.404,1.4089,1.4136,1.4183,1.4228,1.4272,1.4314,1.4355,1.4396,1.4434,1.4472,1.4508,1.4543,1.4577,1.461,1.4641,1.4671,1.4699,1.4727,1.4753,1.4777,1.4801,1.4822,1.4843,1.4862,1.488,1.4896,1.4911,1.4925,1.4937,1.4947,1.4956,1.4964,1.4969,1.4973,1.4976,1.4977
0.79621,0.81196,0.82747,0.84273,0.85775,0.87252,0.88707,0.90137,0.91545,0.92931,0.94294,0.95636,0.96955,0.98254,0.99531,1.0079,1.0202,1.0324,1.0444,1.0561,1.0677,1.0791,1.0903,1.1013,1.1122,1.1228,1.1333,1.1436,1.1537,1.1637,1.1734,1.1831,1.1925,1.2018,1.2109,1.2199,1.2287,1.2374,1.2459,1.2542,1.2624,1.2705,1.2784,1.2861,1.2938,1.3012,1.3086,1.3158,1.3228,1.3297,1.3365,1.3431,1.3496,1.356,1.3623,1.3684,1.3743,1.3802,1.3859,1.3915,1.397,1.4023,1.4075,1.4126,1.4175,1.4223,1.427,1.4316,1.436,1.4404,1.4445,1.4486,1.4526,1.4564,1.46,1.4636,1.467,1.4703,1.4735,1.4765,1.4794,1.4822,1.4848,1.4873,1.4897,1.4919,1.494,1.496,1.4978,1.4994,1.501,1.5023,1.5035,1.5046,1.5055,1.5063,1.5068,1.5073,1.5075,1.5076
0.79972,0.81555,0.83112,0.84646,0.86154,0.87639,0.89101,0.90539,0.91955,0.93348,0.94718,0.96067,0.97394,0.98701,0.99986,1.0125,1.0249,1.0372,1.0492,1.0611,1.0727,1.0842,1.0955,1.1066,1.1175,1.1282,1.1387,1.1491,1.1593,1.1694,1.1792,1.1889,1.1984,1.2078,1.217,1.2261,1.235,1.2437,1.2523,1.2607,1.269,1.2771,1.2851,1.2929,1.3006,1.3082,1.3156,1.3228,1.33,1.3369,1.3438,1.3505,1.3571,1.3635,1.3698,1.376,1.3821,1.388,1.3938,1.3994,1.4049,1.4103,1.4156,1.4207,1.4257,1.4306,1.4354,1.44,1.4445,1.4489,1.4531,1.4572,1.4612,1.4651,1.4688,1.4724,1.4759,1.4793,1.4825,1.4855,1.4885,1.4913,1.494,1.4965,1.4989,1.5012,1.5033,1.5053,1.5071,1.5088,1.5103,1.5117,1.5129,1.514,1.5149,1.5157,1.5163,1.5167,1.517,1.5171
0.80307,0.81896,0.83461,0.85001,0.86517,0.88009,0.89477,0.90923,0.92345,0.93745,0.95123,0.96479,0.97814,0.99127,1.0042,1.0169,1.0294,1.0417,1.0539,1.0658,1.0775,1.089,1.1004,1.1116,1.1225,1.1333,1.144,1.1544,1.1647,1.1748,1.1847,1.1945,1.2041,1.2136,1.2228,1.232,1.2409,1.2497,1.2584,1.2669,1.2752,1.2834,1.2915,1.2994,1.3072,1.3148,1.3223,1.3296,1.3368,1.3438,1.3508,1.3575,1.3642,1.3707,1.3771,1.3833,1.3894,1.3954,1.4013,1.407,1.4126,1.418,1.4233,1.4285,1.4336,1.4386,1.4434,1.448,1.4526,1.457,1.4613,1.4655,1.4695,1.4734,1.4772,1.4809,1.4844,1.4878,1.491,1.4942,1.4971,1.5,1.5027,1.5053,1.5077,1.51,1.5121,1.5141,1.516,1.5177,1.5193,1.5207,1.5219,1.523,1.524,1.5247,1.5253,1.5258,1.526,1.5261
0.80626,0.82222,0.83793,0.85339,0.86862,0.8836,0.89835,0.91287,0.92717,0.94123,0.95508,0.96871,0.98212,0.99532,1.0083,1.0211,1.0337,1.0461,1.0583,1.0702,1.082,1.0936,1.1051,1.1163,1.1274,1.1382,1.1489,1.1595,1.1698,1.18,1.19,1.1998,1.2095,1.219,1.2284,1.2376,1.2466,1.2555,1.2642,1.2728,1.2812,1.2895,1.2976,1.3056,1.3134,1.3211,1.3286,1.336,1.3433,1.3504,1.3574,1.3642,1.3709,1.3775,1.384,1.3903,1.3964,1.4025,1.4084,1.4142,1.4198,1.4253,1.4307,1.436,1.4411,1.4461,1.451,1.4557,1.4603,1.4648,1.4691,1.4734,1.4774,1.4814,1.4852,1.4889,1.4925,1.4959,1.4992,1.5024,1.5054,1.5083,1.511,1.5136,1.5161,1.5184,1.5206,1.5226,1.5245,1.5262,1.5278,1.5292,1.5305,1.5316,1.5325,1.5333,1.5339,1.5344,1.5346,1.5347
0.80929,0.82531,0.84108,0.85661,0.8719,0.88695,0.90176,0.91634,0.9307,0.94483,0.95874,0.97244,0.98591,0.99918,1.0122,1.0251,1.0377,1.0502,1.0624,1.0745,1.0864,1.098,1.1095,1.1208,1.1319,1.1429,1.1537,1.1642,1.1747,1.1849,1.195,1.2049,1.2146,1.2242,1.2336,1.2429,1.252,1.2609,1.2697,1.2784,1.2868,1.2952,1.3034,1.3114,1.3193,1.3271,1.3347,1.3421,1.3495,1.3566,1.3637,1.3706,1.3774,1.384,1.3905,1.3969,1.4031,1.4092,1.4152,1.421,1.4267,1.4323,1.4377,1.443,1.4482,1.4533,1.4582,1.463,1.4676,1.4722,1.4766,1.4808,1.485,1.489,1.4928,1.4966,1.5002,1.5036,1.507,1.5102,1.5132,1.5161,1.5189,1.5215,1.524,1.5264,1.5286,1.5306,1.5326,1.5343,1.5359,1.5373,1.5386,1.5397,1.5407,1.5415,1.5421,1.5426,1.5428,1.5429
0.81218,0.82826,0.8441,0.85968,0.87503,0.89014,0.90501,0.91966,0.93408,0.94827,0.96224,0.976,0.98954,1.0029,1.016,1.0289,1.0416,1.0541,1.0664,1.0786,1.0905,1.1022,1.1138,1.1251,1.1363,1.1473,1.1582,1.1688,1.1793,1.1896,1.1997,1.2097,1.2195,1.2292,1.2387,1.248,1.2571,1.2662,1.275,1.2837,1.2923,1.3007,1.3089,1.317,1.325,1.3328,1.3405,1.348,1.3554,1.3626,1.3697,1.3767,1.3835,1.3902,1.3968,1.4032,1.4095,1.4157,1.4217,1.4276,1.4333,1.439,1.4444,1.4498,1.455,1.4601,1.4651,1.4699,1.4747,1.4792,1.4837,1.488,1.4922,1.4962,1.5001,1.5039,1.5075,1.511,1.5144,1.5176,1.5207,1.5237,1.5265,1.5291,1.5317,1.534,1.5363,1.5383,1.5403,1.542,1.5437,1.5451,1.5464,1.5475,1.5485,1.5493,1.5499,1.5504,1.5507,1.5508
0.81496,0.8311,0.84699,0.86263,0.87803,0.8932,0.90813,0.92284,0.93731,0.95156,0.96559,0.97941,0.99301,1.0064,1.0196,1.0326,1.0453,1.0579,1.0703,1.0825,1.0944,1.1062,1.1179,1.1293,1.1405,1.1516,1.1625,1.1732,1.1837,1.1941,1.2043,1.2144,1.2242,1.2339,1.2435,1.2529,1.2621,1.2712,1.2801,1.2888,1.2974,1.3059,1.3142,1.3224,1.3304,1.3383,1.346,1.3536,1.361,1.3683,1.3755,1.3825,1.3894,1.3962,1.4028,1.4093,1.4156,1.4218,1.4279,1.4338,1.4397,1.4453,1.4509,1.4563,1.4616,1.4667,1.4717,1.4766,1.4814,1.486,1.4905,1.4948,1.499,1.5031,1.5071,1.5109,1.5146,1.5181,1.5215,1.5248,1.5279,1.5309,1.5337,1.5364,1.539,1.5414,1.5436,1.5457,1.5477,1.5495,1.5511,1.5526,1.5539,1.555,1.556,1.5568,1.5574,1.5579,1.5582,1.5583
0.81763,0.83382,0.84976,0.86546,0.88092,0.89614,0.91113,0.92589,0.94042,0.95473,0.96881,0.98269,0.99634,1.0098,1.023,1.0361,1.0489,1.0615,1.074,1.0862,1.0982,1.1101,1.1218,1.1333,1.1446,1.1557,1.1666,1.1774,1.188,1.1985,1.2087,1.2188,1.2287,1.2385,1.2481,1.2575,1.2668,1.276,1.2849,1.2938,1.3024,1.3109,1.3193,1.3275,1.3356,1.3435,1.3513,1.359,1.3665,1.3738,1.3811,1.3881,1.3951,1.4019,1.4086,1.4151,1.4215,1.4278,1.4339,1.4399,1.4457,1.4515,1.4571,1.4625,1.4678,1.473,1.4781,1.483,1.4878,1.4925,1.497,1.5014,1.5057,1.5098,1.5138,1.5176,1.5213,1.5249,1.5284,1.5317,1.5348,1.5378,1.5407,1.5434,1.546,1.5484,1.5507,1.5528,1.5548,1.5566,1.5582,1.5597,1.5611,1.5622,1.5632,1.564,1.5647,1.5651,1.5654,1.5655
0.82016,0.8364,0.8524,0.86815,0.88366,0.89894,0.91398,0.92879,0.94337,0.95774,0.97188,0.9858,0.99952,1.013,1.0263,1.0394,1.0523,1.065,1.0775,1.0898,1.1019,1.1138,1.1255,1.137,1.1484,1.1596,1.1706,1.1814,1.1921,1.2026,1.2129,1.223,1.233,1.2428,1.2525,1.262,1.2714,1.2805,1.2896,1.2984,1.3072,1.3157,1.3242,1.3324,1.3406,1.3486,1.3564,1.3641,1.3717,1.3791,1.3863,1.3935,1.4005,1.4073,1.4141,1.4206,1.4271,1.4334,1.4396,1.4456,1.4515,1.4573,1.4629,1.4684,1.4738,1.4791,1.4842,1.4891,1.494,1.4987,1.5032,1.5077,1.512,1.5161,1.5202,1.5241,1.5278,1.5314,1.5349,1.5382,1.5414,1.5444,1.5473,1.5501,1.5527,1.5551,1.5574,1.5596,1.5615,1.5634,1.565,1.5665,1.5679,1.5691,1.5701,1.5709,1.5715,1.572,1.5723,1.5724
0.82259,0.83888,0.85493,0.87073,0.88629,0.90161,0.91671,0.93157,0.94621,0.96062,0.97481,0.98879,1.0026,1.0161,1.0295,1.0426,1.0555,1.0683,1.0808,1.0932,1.1053,1.1173,1.1291,1.1407,1.1521,1.1633,1.1744,1.1853,1.196,1.2065,1.2169,1.2271,1.2371,1.247,1.2567,1.2663,1.2757,1.2849,1.294,1.3029,1.3117,1.3203,1.3288,1.3371,1.3453,1.3534,1.3613,1.369,1.3766,1.3841,1.3914,1.3986,1.4056,1.4125,1.4193,1.4259,1.4324,1.4388,1.445,1.4511,1.4571,1.4629,1.4686,1.4741,1.4795,1.4848,1.49,1.495,1.4999,1.5046,1.5092,1.5137,1.518,1.5222,1.5263,1.5302,1.534,1.5376,1.5411,1.5445,1.5477,1.5508,1.5537,1.5565,1.5591,1.5615,1.5639,1.566,1.568,1.5699,1.5716,1.5731,1.5744,1.5756,1.5766,1.5775,1.5781,1.5786,1.5789,1.579
0.82493,0.84127,0.85736,0.87321,0.88882,0.90419,0.91933,0.93424,0.94893,0.96339,0.97763,0.99166,1.0055,1.0191,1.0325,1.0457,1.0587,1.0714,1.084,1.0964,1.1087,1.1207,1.1325,1.1442,1.1556,1.1669,1.178,1.189,1.1997,1.2103,1.2207,1.231,1.2411,1.251,1.2608,1.2704,1.2798,1.2891,1.2983,1.3072,1.3161,1.3248,1.3333,1.3417,1.3499,1.358,1.3659,1.3737,1.3814,1.3889,1.3963,1.4035,1.4106,1.4176,1.4244,1.4311,1.4376,1.444,1.4503,1.4564,1.4624,1.4683,1.474,1.4796,1.485,1.4904,1.4956,1.5006,1.5055,1.5103,1.5149,1.5195,1.5238,1.5281,1.5322,1.5361,1.5399,1.5436,1.5471,1.5505,1.5537,1.5568,1.5598,1.5626,1.5652,1.5677,1.5701,1.5722,1.5743,1.5761,1.5778,1.5794,1.5807,1.5819,1.5829,1.5838,1.5844,1.5849,1.5852,1.5853
0.82717,0.84356,0.8597,0.87559,0.89125,0.90667,0.92185,0.93681,0.95155,0.96606,0.98035,0.99442,1.0083,1.0219,1.0354,1.0486,1.0617,1.0745,1.0871,1.0996,1.1119,1.1239,1.1358,1.1475,1.159,1.1704,1.1815,1.1925,1.2033,1.214,1.2244,1.2348,1.2449,1.2549,1.2647,1.2743,1.2838,1.2932,1.3024,1.3114,1.3203,1.329,1.3376,1.346,1.3543,1.3624,1.3704,1.3783,1.386,1.3935,1.401,1.4082,1.4154,1.4224,1.4292,1.436,1.4426,1.449,1.4553,1.4615,1.4675,1.4734,1.4792,1.4848,1.4903,1.4957,1.5009,1.506,1.511,1.5158,1.5205,1.525,1.5294,1.5337,1.5378,1.5418,1.5456,1.5493,1.5529,1.5563,1.5596,1.5627,1.5657,1.5685,1.5712,1.5737,1.576,1.5782,1.5803,1.5821,1.5839,1.5854,1.5868,1.588,1.589,1.5899,1.5905,1.591,1.5913,1.5914
0.82934,0.84577,0.86195,0.87789,0.89359,0.90905,0.92429,0.93929,0.95407,0.96862,0.98296,0.99708,1.011,1.0247,1.0382,1.0515,1.0646,1.0774,1.0901,1.1026,1.1149,1.1271,1.139,1.1507,1.1623,1.1737,1.1849,1.1959,1.2068,1.2175,1.228,1.2384,1.2486,1.2586,1.2684,1.2782,1.2877,1.2971,1.3063,1.3154,1.3243,1.3331,1.3417,1.3502,1.3585,1.3667,1.3748,1.3826,1.3904,1.398,1.4055,1.4128,1.42,1.427,1.4339,1.4407,1.4473,1.4538,1.4602,1.4664,1.4725,1.4784,1.4842,1.4899,1.4954,1.5008,1.5061,1.5112,1.5162,1.5211,1.5258,1.5304,1.5348,1.5391,1.5433,1.5473,1.5511,1.5549,1.5585,1.5619,1.5652,1.5683,1.5713,1.5742,1.5769,1.5794,1.5818,1.584,1.586,1.5879,1.5897,1.5912,1.5926,1.5938,1.5949,1.5957,1.5964,1.5969,1.5972,1.5973
0.8314,0.84787,0.8641,0.88008,0.89582,0.91133,0.92661,0.94166,0.95648,0.97108,0.98546,0.99963,1.0136,1.0273,1.0409,1.0542,1.0673,1.0803,1.093,1.1055,1.1179,1.1301,1.142,1.1538,1.1654,1.1769,1.1881,1.1992,1.2101,1.2209,1.2314,1.2418,1.2521,1.2621,1.272,1.2818,1.2914,1.3008,1.3101,1.3192,1.3282,1.337,1.3457,1.3542,1.3626,1.3708,1.3789,1.3868,1.3946,1.4023,1.4098,1.4171,1.4244,1.4315,1.4384,1.4452,1.4519,1.4584,1.4648,1.4711,1.4772,1.4832,1.489,1.4947,1.5003,1.5057,1.511,1.5162,1.5212,1.5261,1.5309,1.5355,1.5399,1.5443,1.5485,1.5525,1.5564,1.5602,1.5638,1.5672,1.5706,1.5737,1.5767,1.5796,1.5823,1.5849,1.5873,1.5895,1.5916,1.5935,1.5952,1.5968,1.5982,1.5994,1.6004,1.6013,1.602,1.6025,1.6028,1.6029
0.83339,0.8499,0.86617,0.88219,0.89798,0.91353,0.92884,0.94393,0.9588,0.97344,0.98786,1.0021,1.0161,1.0299,1.0434,1.0568,1.07,1.083,1.0957,1.1083,1.1207,1.1329,1.145,1.1568,1.1684,1.1799,1.1912,1.2024,1.2133,1.2241,1.2347,1.2451,1.2554,1.2655,1.2755,1.2853,1.2949,1.3044,1.3137,1.3229,1.3319,1.3408,1.3495,1.3581,1.3665,1.3747,1.3829,1.3908,1.3987,1.4064,1.4139,1.4213,1.4286,1.4357,1.4427,1.4496,1.4563,1.4628,1.4693,1.4756,1.4817,1.4878,1.4936,1.4994,1.505,1.5105,1.5158,1.521,1.5261,1.531,1.5358,1.5404,1.5449,1.5493,1.5535,1.5575,1.5615,1.5653,1.5689,1.5724,1.5757,1.5789,1.5819,1.5848,1.5876,1.5901,1.5925,1.5948,1.5969,1.5988,1.6006,1.6021,1.6035,1.6048,1.6058,1.6067,1.6074,1.6079,1.6082,1.6083
0.83531,0.85186,0.86816,0.88423,0.90005,0.91564,0.931,0.94613,0.96103,0.97572,0.99018,1.0044,1.0185,1.0323,1.0459,1.0593,1.0726,1.0856,1.0984,1.111,1.1235,1.1357,1.1478,1.1597,1.1714,1.1829,1.1942,1.2054,1.2164,1.2272,1.2379,1.2484,1.2587,1.2688,1.2788,1.2887,1.2983,1.3079,1.3172,1.3264,1.3355,1.3444,1.3532,1.3618,1.3702,1.3785,1.3867,1.3947,1.4026,1.4103,1.4179,1.4254,1.4327,1.4398,1.4469,1.4538,1.4605,1.4671,1.4736,1.4799,1.4861,1.4922,1.4981,1.5039,1.5095,1.515,1.5204,1.5256,1.5307,1.5357,1.5405,1.5451,1.5497,1.5541,1.5583,1.5624,1.5664,1.5702,1.5738,1.5773,1.5807,1.5839,1.587,1.5899,1.5926,1.5952,1.5976,1.5999,1.602,1.6039,1.6057,1.6073,1.6087,1.61,1.611,1.6119,1.6126,1.6131,1.6134,1.6135
0.83716,0.85375,0.87009,0.88619,0.90205,0.91768,0.93308,0.94825,0.96319,0.97791,0.99242,1.0067,1.0208,1.0347,1.0483,1.0618,1.075,1.0881,1.1009,1.1136,1.1261,1.1384,1.1505,1.1624,1.1742,1.1857,1.1971,1.2083,1.2194,1.2302,1.2409,1.2514,1.2618,1.272,1.282,1.2919,1.3016,1.3112,1.3206,1.3299,1.339,1.3479,1.3567,1.3654,1.3739,1.3822,1.3904,1.3985,1.4064,1.4142,1.4218,1.4293,1.4366,1.4438,1.4509,1.4578,1.4646,1.4712,1.4777,1.4841,1.4903,1.4964,1.5024,1.5082,1.5139,1.5194,1.5248,1.5301,1.5352,1.5402,1.545,1.5497,1.5543,1.5587,1.563,1.5671,1.5711,1.5749,1.5786,1.5821,1.5855,1.5887,1.5918,1.5947,1.5975,1.6001,1.6026,1.6048,1.607,1.6089,1.6107,1.6123,1.6137,1.615,1.616,1.6169,1.6176,1.6181,1.6184,1.6185
0.83895,0.85557,0.87195,0.88808,0.90398,0.91965,0.93508,0.95029,0.96527,0.98003,0.99457,1.0089,1.023,1.0369,1.0506,1.0641,1.0774,1.0905,1.1034,1.1161,1.1286,1.141,1.1531,1.1651,1.1769,1.1885,1.1999,1.2111,1.2222,1.2331,1.2439,1.2544,1.2648,1.2751,1.2851,1.2951,1.3048,1.3144,1.3239,1.3332,1.3423,1.3513,1.3601,1.3688,1.3773,1.3857,1.394,1.4021,1.41,1.4178,1.4255,1.433,1.4404,1.4476,1.4547,1.4617,1.4685,1.4752,1.4817,1.4882,1.4944,1.5005,1.5065,1.5124,1.5181,1.5237,1.5291,1.5344,1.5395,1.5445,1.5494,1.5541,1.5587,1.5631,1.5674,1.5716,1.5756,1.5795,1.5832,1.5867,1.5901,1.5934,1.5965,1.5994,1.6022,1.6048,1.6073,1.6096,1.6117,1.6137,1.6155,1.6171,1.6185,1.6198,1.6208,1.6217,1.6224,1.6229,1.6232,1.6233
0.84066,0.85731,0.87373,0.8899,0.90583,0.92153,0.937,0.95224,0.96726,0.98206,0.99664,1.011,1.0252,1.0391,1.0528,1.0664,1.0797,1.0928,1.1058,1.1185,1.1311,1.1434,1.1556,1.1676,1.1794,1.1911,1.2026,1.2138,1.225,1.2359,1.2467,1.2573,1.2677,1.278,1.2881,1.2981,1.3079,1.3175,1.327,1.3363,1.3455,1.3545,1.3634,1.3721,1.3807,1.3891,1.3974,1.4055,1.4135,1.4214,1.4291,1.4366,1.444,1.4513,1.4585,1.4655,1.4723,1.479,1.4856,1.492,1.4983,1.5045,1.5105,1.5164,1.5221,1.5277,1.5332,1.5385,1.5437,1.5487,1.5536,1.5584,1.563,1.5674,1.5718,1.5759,1.58,1.5838,1.5876,1.5911,1.5946,1.5978,1.601,1.6039,1.6067,1.6094,1.6118,1.6142,1.6163,1.6183,1.6201,1.6217,1.6231,1.6244,1.6255,1.6264,1.6271,1.6276,1.6279,1.628
0.84231,0.859,0.87545,0.89165,0.90762,0.92336,0.93886,0.95414,0.96919,0.98402,0.99863,1.013,1.0272,1.0412,1.055,1.0685,1.0819,1.0951,1.1081,1.1208,1.1334,1.1458,1.1581,1.1701,1.182,1.1936,1.2051,1.2165,1.2276,1.2386,1.2494,1.26,1.2705,1.2808,1.291,1.301,1.3108,1.3205,1.33,1.3394,1.3486,1.3577,1.3666,1.3753,1.3839,1.3924,1.4007,1.4089,1.4169,1.4248,1.4325,1.4401,1.4476,1.4549,1.462,1.4691,1.476,1.4827,1.4893,1.4958,1.5021,1.5083,1.5143,1.5202,1.526,1.5316,1.5371,1.5425,1.5477,1.5527,1.5577,1.5624,1.5671,1.5716,1.5759,1.5801,1.5842,1.5881,1.5918,1.5954,1.5989,1.6022,1.6053,1.6083,1.6111,1.6137,1.6162,1.6186,1.6207,1.6227,1.6245,1.6261,1.6276,1.6289,1.6299,1.6308,1.6315,1.632,1.6324,1.6325
0.8439,0.86063,0.87711,0.89335,0.90935,0.92511,0.94065,0.95596,0.97105,0.98591,1.0006,1.015,1.0292,1.0432,1.057,1.0706,1.084,1.0973,1.1103,1.1231,1.1357,1.1482,1.1604,1.1725,1.1844,1.1961,1.2076,1.219,1.2302,1.2412,1.252,1.2627,1.2732,1.2836,1.2938,1.3038,1.3137,1.3234,1.3329,1.3423,1.3516,1.3607,1.3696,1.3784,1.3871,1.3955,1.4039,1.4121,1.4202,1.4281,1.4358,1.4435,1.451,1.4583,1.4655,1.4726,1.4795,1.4863,1.4929,1.4994,1.5057,1.512,1.518,1.524,1.5298,1.5354,1.5409,1.5463,1.5516,1.5566,1.5616,1.5664,1.5711,1.5756,1.5799,1.5842,1.5882,1.5922,1.5959,1.5995,1.603,1.6063,1.6095,1.6125,1.6153,1.618,1.6205,1.6228,1.625,1.627,1.6288,1.6304,1.6319,1.6332,1.6343,1.6352,1.6359,1.6364,1.6367,1.6368
0.84545,0.8622,0.87871,0.89498,0.91102,0.92682,0.94238,0.95773,0.97285,0.98774,1.0024,1.0169,1.0311,1.0452,1.059,1.0727,1.0861,1.0993,1.1124,1.1252,1.1379,1.1504,1.1627,1.1748,1.1867,1.1985,1.21,1.2214,1.2326,1.2437,1.2546,1.2653,1.2758,1.2862,1.2964,1.3065,1.3164,1.3262,1.3357,1.3452,1.3545,1.3636,1.3726,1.3814,1.3901,1.3986,1.407,1.4152,1.4233,1.4313,1.4391,1.4467,1.4542,1.4616,1.4688,1.4759,1.4829,1.4897,1.4964,1.5029,1.5093,1.5155,1.5216,1.5276,1.5334,1.5391,1.5446,1.55,1.5553,1.5604,1.5654,1.5702,1.5749,1.5794,1.5838,1.5881,1.5922,1.5961,1.5999,1.6035,1.607,1.6103,1.6135,1.6165,1.6194,1.6221,1.6246,1.6269,1.6291,1.6311,1.6329,1.6346,1.6361,1.6373,1.6384,1.6393,1.6401,1.6406,1.6409,1.641
0.84693,0.86372,0.88026,0.89656,0.91262,0.92845,0.94405,0.95943,0.97458,0.98951,1.0042,1.0187,1.033,1.0471,1.061,1.0746,1.0881,1.1014,1.1144,1.1273,1.14,1.1525,1.1649,1.177,1.189,1.2007,1.2123,1.2238,1.235,1.2461,1.257,1.2678,1.2783,1.2888,1.299,1.3091,1.3191,1.3288,1.3385,1.3479,1.3572,1.3664,1.3754,1.3843,1.393,1.4015,1.41,1.4182,1.4263,1.4343,1.4422,1.4498,1.4574,1.4648,1.4721,1.4792,1.4862,1.493,1.4997,1.5062,1.5127,1.5189,1.5251,1.5311,1.5369,1.5426,1.5482,1.5536,1.5589,1.564,1.569,1.5739,1.5786,1.5832,1.5876,1.5918,1.5959,1.5999,1.6037,1.6074,1.6109,1.6142,1.6174,1.6204,1.6233,1.626,1.6285,1.6309,1.6331,1.6351,1.6369,1.6386,1.6401,1.6414,1.6425,1.6434,1.6441,1.6446,1.6449,1.645
0.84837,0.86518,0.88175,0.89808,0.91417,0.93003,0.94566,0.96107,0.97625,0.99121,1.0059,1.0205,1.0348,1.0489,1.0628,1.0765,1.09,1.1033,1.1164,1.1293,1.1421,1.1546,1.167,1.1791,1.1911,1.2029,1.2146,1.226,1.2373,1.2484,1.2594,1.2702,1.2808,1.2912,1.3015,1.3116,1.3216,1.3314,1.3411,1.3506,1.3599,1.3691,1.3782,1.387,1.3958,1.4044,1.4128,1.4211,1.4293,1.4373,1.4451,1.4529,1.4604,1.4679,1.4752,1.4823,1.4893,1.4962,1.5029,1.5095,1.5159,1.5222,1.5284,1.5344,1.5403,1.546,1.5516,1.5571,1.5624,1.5675,1.5726,1.5774,1.5822,1.5867,1.5912,1.5955,1.5996,1.6036,1.6074,1.6111,1.6146,1.618,1.6212,1.6242,1.6271,1.6298,1.6323,1.6347,1.6369,1.6389,1.6408,1.6424,1.6439,1.6452,1.6463,1.6473,1.648,1.6485,1.6488,1.6489
0.84975,0.86659,0.88319,0.89955,0.91567,0.93156,0.94722,0.96265,0.97786,0.99285,1.0076,1.0222,1.0365,1.0507,1.0646,1.0783,1.0919,1.1052,1.1183,1.1313,1.144,1.1566,1.169,1.1812,1.1932,1.2051,1.2167,1.2282,1.2395,1.2507,1.2617,1.2725,1.2831,1.2936,1.3039,1.3141,1.3241,1.3339,1.3436,1.3531,1.3625,1.3717,1.3808,1.3897,1.3985,1.4071,1.4156,1.4239,1.4321,1.4401,1.448,1.4558,1.4634,1.4709,1.4782,1.4853,1.4924,1.4993,1.506,1.5126,1.5191,1.5254,1.5316,1.5377,1.5436,1.5493,1.5549,1.5604,1.5657,1.5709,1.576,1.5809,1.5856,1.5902,1.5947,1.599,1.6031,1.6071,1.611,1.6147,1.6182,1.6216,1.6248,1.6278,1.6307,1.6335,1.636,1.6384,1.6406,1.6426,1.6445,1.6462,1.6477,1.649,1.6501,1.651,1.6517,1.6522,1.6526,1.6527
0.85109,0.86796,0.88459,0.90097,0.91712,0.93304,0.94872,0.96419,0.97942,0.99444,1.0092,1.0238,1.0382,1.0524,1.0663,1.0801,1.0937,1.107,1.1202,1.1332,1.146,1.1586,1.171,1.1832,1.1953,1.2071,1.2188,1.2303,1.2417,1.2529,1.2639,1.2747,1.2854,1.2959,1.3063,1.3164,1.3265,1.3363,1.3461,1.3556,1.365,1.3743,1.3834,1.3923,1.4011,1.4098,1.4183,1.4266,1.4348,1.4429,1.4508,1.4586,1.4662,1.4737,1.4811,1.4883,1.4953,1.5023,1.509,1.5157,1.5222,1.5285,1.5347,1.5408,1.5467,1.5525,1.5581,1.5636,1.569,1.5742,1.5793,1.5842,1.589,1.5936,1.598,1.6024,1.6065,1.6106,1.6144,1.6181,1.6217,1.6251,1.6283,1.6314,1.6343,1.637,1.6396,1.642,1.6442,1.6462,1.6481,1.6498,1.6513,1.6526,1.6537,1.6546,1.6554,1.6559,1.6562,1.6563
0.85239,0.86928,0.88593,0.90235,0.91852,0.93446,0.95018,0.96567,0.98093,0.99598,1.0108,1.0254,1.0398,1.054,1.068,1.0818,1.0954,1.1088,1.122,1.135,1.1478,1.1604,1.1729,1.1851,1.1972,1.2091,1.2208,1.2324,1.2438,1.255,1.266,1.2769,1.2876,1.2981,1.3085,1.3187,1.3288,1.3387,1.3484,1.358,1.3674,1.3767,1.3859,1.3948,1.4037,1.4123,1.4209,1.4293,1.4375,1.4456,1.4535,1.4613,1.469,1.4765,1.4839,1.4911,1.4982,1.5051,1.5119,1.5186,1.5251,1.5315,1.5377,1.5438,1.5498,1.5556,1.5612,1.5668,1.5721,1.5774,1.5825,1.5874,1.5922,1.5968,1.6013,1.6056,1.6098,1.6139,1.6178,1.6215,1.625,1.6284,1.6317,1.6348,1.6377,1.6404,1.643,1.6454,1.6477,1.6497,1.6516,1.6533,1.6548,1.6561,1.6572,1.6582,1.6589,1.6594,1.6597,1.6598
0.85363,0.87055,0.88723,0.90367,0.91987,0.93584,0.95158,0.96709,0.98238,0.99746,1.0123,1.027,1.0414,1.0556,1.0696,1.0834,1.0971,1.1105,1.1237,1.1367,1.1496,1.1622,1.1747,1.187,1.1991,1.211,1.2228,1.2344,1.2458,1.257,1.2681,1.279,1.2897,1.3003,1.3107,1.3209,1.331,1.3409,1.3507,1.3603,1.3698,1.3791,1.3882,1.3972,1.4061,1.4148,1.4234,1.4318,1.44,1.4482,1.4561,1.464,1.4716,1.4792,1.4866,1.4938,1.501,1.5079,1.5147,1.5214,1.528,1.5344,1.5406,1.5467,1.5527,1.5585,1.5642,1.5698,1.5752,1.5804,1.5855,1.5905,1.5953,1.5999,1.6044,1.6088,1.613,1.6171,1.621,1.6247,1.6283,1.6317,1.635,1.6381,1.641,1.6437,1.6463,1.6487,1.651,1.6531,1.6549,1.6566,1.6581,1.6595,1.6606,1.6615,1.6623,1.6628,1.6631,1.6632
0.85483,0.87178,0.88848,0.90494,0.92117,0.93716,0.95293,0.96847,0.98379,0.99888,1.0138,1.0284,1.0429,1.0571,1.0712,1.085,1.0987,1.1121,1.1254,1.1384,1.1513,1.164,1.1765,1.1888,1.2009,1.2129,1.2247,1.2363,1.2477,1.259,1.27,1.281,1.2917,1.3023,1.3128,1.323,1.3331,1.3431,1.3529,1.3625,1.372,1.3814,1.3905,1.3996,1.4085,1.4172,1.4258,1.4342,1.4425,1.4506,1.4586,1.4665,1.4742,1.4818,1.4892,1.4965,1.5036,1.5106,1.5175,1.5242,1.5307,1.5371,1.5434,1.5496,1.5556,1.5614,1.5671,1.5727,1.5781,1.5834,1.5885,1.5935,1.5983,1.603,1.6075,1.6119,1.6161,1.6201,1.6241,1.6278,1.6314,1.6348,1.6381,1.6412,1.6442,1.6469,1.6495,1.652,1.6542,1.6563,1.6582,1.6599,1.6614,1.6627,1.6639,1.6648,1.6655,1.6661,1.6664,1.6665
0.856,0.87297,0.88969,0.90618,0.92243,0.93845,0.95424,0.9698,0.98514,1.0003,1.0152,1.0299,1.0443,1.0586,1.0727,1.0866,1.1002,1.1137,1.127,1.1401,1.153,1.1657,1.1782,1.1905,1.2027,1.2147,1.2265,1.2381,1.2496,1.2608,1.272,1.2829,1.2937,1.3043,1.3148,1.3251,1.3352,1.3452,1.355,1.3647,1.3742,1.3836,1.3928,1.4018,1.4107,1.4195,1.4281,1.4366,1.4449,1.4531,1.4611,1.469,1.4767,1.4843,1.4917,1.499,1.5062,1.5132,1.5201,1.5268,1.5334,1.5398,1.5461,1.5523,1.5583,1.5642,1.5699,1.5755,1.5809,1.5862,1.5913,1.5963,1.6012,1.6059,1.6104,1.6148,1.619,1.6231,1.6271,1.6308,1.6344,1.6379,1.6412,1.6443,1.6472,1.65,1.6526,1.6551,1.6573,1.6594,1.6613,1.663,1.6645,1.6659,1.667,1.6679,1.6687,1.6692,1.6695,1.6696
0.85713,0.87412,0.89087,0.90738,0.92365,0.93969,0.95551,0.97109,0.98646,1.0016,1.0165,1.0313,1.0458,1.0601,1.0742,1.088,1.1017,1.1152,1.1285,1.1416,1.1546,1.1673,1.1798,1.1922,1.2044,1.2164,1.2282,1.2399,1.2514,1.2627,1.2738,1.2848,1.2956,1.3063,1.3167,1.3271,1.3372,1.3472,1.3571,1.3668,1.3763,1.3857,1.3949,1.404,1.4129,1.4217,1.4304,1.4388,1.4472,1.4554,1.4634,1.4713,1.4791,1.4867,1.4942,1.5015,1.5087,1.5157,1.5226,1.5294,1.536,1.5424,1.5488,1.5549,1.561,1.5669,1.5726,1.5782,1.5837,1.589,1.5941,1.5991,1.604,1.6087,1.6133,1.6177,1.6219,1.626,1.63,1.6337,1.6374,1.6408,1.6441,1.6473,1.6502,1.653,1.6556,1.6581,1.6603,1.6624,1.6643,1.6661,1.6676,1.6689,1.6701,1.671,1.6717,1.6723,1.6726,1.6727
0.85822,0.87523,0.89201,0.90854,0.92483,0.9409,0.95674,0.97235,0.98773,1.0029,1.0179,1.0326,1.0471,1.0614,1.0756,1.0895,1.1032,1.1167,1.13,1.1432,1.1561,1.1689,1.1815,1.1938,1.2061,1.2181,1.2299,1.2416,1.2531,1.2645,1.2756,1.2866,1.2975,1.3081,1.3186,1.329,1.3392,1.3492,1.3591,1.3688,1.3784,1.3878,1.397,1.4061,1.4151,1.4239,1.4326,1.4411,1.4494,1.4576,1.4657,1.4736,1.4814,1.489,1.4965,1.5039,1.5111,1.5181,1.5251,1.5318,1.5385,1.545,1.5513,1.5575,1.5635,1.5695,1.5752,1.5808,1.5863,1.5916,1.5968,1.6018,1.6067,1.6114,1.616,1.6204,1.6247,1.6288,1.6328,1.6366,1.6402,1.6437,1.647,1.6501,1.6531,1.6559,1.6585,1.661,1.6633,1.6654,1.6673,1.669,1.6705,1.6719,1.673,1.674,1.6747,1.6753,1.6756,1.6757
0.85928,0.87632,0.89311,0.90966,0.92598,0.94207,0.95793,0.97356,0.98897,1.0042,1.0191,1.0339,1.0485,1.0628,1.0769,1.0909,1.1046,1.1182,1.1315,1.1447,1.1576,1.1704,1.183,1.1954,1.2077,1.2197,1.2316,1.2433,1.2548,1.2662,1.2774,1.2884,1.2993,1.31,1.3205,1.3309,1.3411,1.3511,1.361,1.3708,1.3804,1.3898,1.3991,1.4082,1.4172,1.426,1.4347,1.4432,1.4516,1.4598,1.4679,1.4759,1.4837,1.4913,1.4988,1.5062,1.5134,1.5205,1.5275,1.5342,1.5409,1.5474,1.5538,1.56,1.5661,1.572,1.5778,1.5834,1.5889,1.5942,1.5994,1.6045,1.6094,1.6141,1.6187,1.6231,1.6274,1.6315,1.6355,1.6393,1.643,1.6465,1.6498,1.6529,1.6559,1.6587,1.6614,1.6638,1.6661,1.6682,1.6701,1.6719,1.6734,1.6748,1.6759,1.6769,1.6776,1.6781,1.6785,1.6786
0.86031,0.87737,0.89418,0.91076,0.9271,0.94321,0.95909,0.97474,0.99017,1.0054,1.0204,1.0352,1.0497,1.0641,1.0783,1.0922,1.106,1.1196,1.1329,1.1461,1.1591,1.1719,1.1845,1.197,1.2092,1.2213,1.2332,1.2449,1.2565,1.2679,1.2791,1.2901,1.301,1.3117,1.3223,1.3327,1.3429,1.353,1.3629,1.3727,1.3823,1.3917,1.401,1.4102,1.4192,1.428,1.4367,1.4453,1.4537,1.462,1.4701,1.478,1.4859,1.4935,1.5011,1.5085,1.5157,1.5228,1.5298,1.5366,1.5433,1.5498,1.5562,1.5624,1.5685,1.5744,1.5802,1.5859,1.5914,1.5968,1.602,1.607,1.6119,1.6167,1.6213,1.6258,1.63,1.6342,1.6382,1.642,1.6457,1.6491,1.6525,1.6556,1.6586,1.6615,1.6641,1.6666,1.6689,1.671,1.6729,1.6746,1.6762,1.6775,1.6787,1.6797,1.6804,1.6809,1.6813,1.6814
0.86131,0.87838,0.89522,0.91181,0.92817,0.9443,0.9602,0.97588,0.99133,1.0066,1.0216,1.0364,1.051,1.0654,1.0796,1.0935,1.1073,1.1209,1.1343,1.1475,1.1605,1.1733,1.186,1.1984,1.2107,1.2228,1.2348,1.2465,1.2581,1.2695,1.2807,1.2918,1.3027,1.3134,1.324,1.3344,1.3447,1.3548,1.3647,1.3745,1.3841,1.3936,1.4029,1.4121,1.4211,1.43,1.4387,1.4473,1.4557,1.464,1.4722,1.4801,1.488,1.4957,1.5032,1.5106,1.5179,1.525,1.532,1.5388,1.5455,1.5521,1.5585,1.5647,1.5708,1.5768,1.5826,1.5883,1.5938,1.5992,1.6044,1.6095,1.6144,1.6192,1.6238,1.6283,1.6326,1.6367,1.6407,1.6446,1.6482,1.6517,1.6551,1.6583,1.6613,1.6641,1.6668,1.6692,1.6715,1.6736,1.6756,1.6773,1.6789,1.6802,1.6814,1.6823,1.6831,1.6836,1.684,1.6841
0.86227,0.87936,0.89622,0.91283,0.92921,0.94536,0.96128,0.97698,0.99245,1.0077,1.0227,1.0376,1.0522,1.0666,1.0808,1.0948,1.1086,1.1222,1.1356,1.1489,1.1619,1.1747,1.1874,1.1999,1.2122,1.2243,1.2362,1.248,1.2596,1.271,1.2823,1.2934,1.3043,1.3151,1.3257,1.3361,1.3464,1.3565,1.3665,1.3763,1.3859,1.3954,1.4048,1.414,1.423,1.4319,1.4407,1.4493,1.4577,1.466,1.4742,1.4822,1.49,1.4977,1.5053,1.5127,1.52,1.5272,1.5342,1.541,1.5477,1.5543,1.5607,1.567,1.5731,1.5791,1.5849,1.5906,1.5961,1.6015,1.6068,1.6119,1.6168,1.6216,1.6262,1.6307,1.635,1.6392,1.6432,1.647,1.6507,1.6542,1.6576,1.6608,1.6638,1.6666,1.6693,1.6718,1.6741,1.6762,1.6782,1.6799,1.6815,1.6828,1.684,1.685,1.6857,1.6862,1.6866,1.6867
0.8632,0.88031,0.89718,0.91382,0.93022,0.94639,0.96233,0.97804,0.99354,1.0088,1.0239,1.0387,1.0534,1.0678,1.082,1.096,1.1099,1.1235,1.1369,1.1502,1.1632,1.1761,1.1888,1.2013,1.2136,1.2257,1.2377,1.2495,1.2611,1.2726,1.2838,1.2949,1.3059,1.3167,1.3273,1.3378,1.3481,1.3582,1.3682,1.378,1.3877,1.3972,1.4066,1.4158,1.4248,1.4338,1.4425,1.4511,1.4596,1.4679,1.4761,1.4841,1.492,1.4997,1.5073,1.5148,1.5221,1.5292,1.5363,1.5431,1.5498,1.5564,1.5629,1.5692,1.5753,1.5813,1.5871,1.5928,1.5984,1.6038,1.6091,1.6142,1.6191,1.6239,1.6286,1.6331,1.6374,1.6416,1.6456,1.6495,1.6531,1.6567,1.66,1.6632,1.6663,1.6691,1.6718,1.6743,1.6766,1.6787,1.6807,1.6824,1.684,1.6853,1.6865,1.6875,1.6882,1.6888,1.6891,1.6892
0.8641,0.88123,0.89812,0.91478,0.9312,0.94738,0.96334,0.97907,0.99459,1.0099,1.025,1.0398,1.0545,1.0689,1.0832,1.0972,1.1111,1.1247,1.1382,1.1514,1.1645,1.1774,1.1901,1.2026,1.215,1.2271,1.2391,1.2509,1.2626,1.274,1.2853,1.2965,1.3074,1.3182,1.3289,1.3393,1.3497,1.3598,1.3698,1.3797,1.3894,1.3989,1.4083,1.4175,1.4266,1.4355,1.4443,1.453,1.4614,1.4698,1.478,1.486,1.4939,1.5017,1.5093,1.5168,1.5241,1.5313,1.5383,1.5452,1.5519,1.5585,1.565,1.5713,1.5774,1.5834,1.5893,1.595,1.6006,1.606,1.6113,1.6164,1.6214,1.6262,1.6308,1.6354,1.6397,1.6439,1.6479,1.6518,1.6555,1.659,1.6624,1.6656,1.6686,1.6715,1.6742,1.6767,1.679,1.6811,1.6831,1.6849,1.6864,1.6878,1.689,1.6899,1.6907,1.6912,1.6916,1.6917
0.86498,0.88213,0.89904,0.91571,0.93214,0.94835,0.96433,0.98008,0.99561,1.0109,1.026,1.0409,1.0556,1.07,1.0843,1.0984,1.1122,1.1259,1.1394,1.1527,1.1658,1.1787,1.1914,1.2039,1.2163,1.2285,1.2405,1.2523,1.264,1.2755,1.2868,1.2979,1.3089,1.3197,1.3304,1.3409,1.3512,1.3614,1.3714,1.3813,1.391,1.4006,1.41,1.4192,1.4283,1.4373,1.4461,1.4547,1.4632,1.4716,1.4798,1.4879,1.4958,1.5036,1.5112,1.5187,1.526,1.5332,1.5403,1.5472,1.5539,1.5605,1.567,1.5733,1.5795,1.5855,1.5914,1.5971,1.6027,1.6082,1.6134,1.6186,1.6236,1.6284,1.6331,1.6376,1.6419,1.6461,1.6502,1.6541,1.6578,1.6613,1.6647,1.6679,1.671,1.6738,1.6765,1.679,1.6814,1.6835,1.6855,1.6872,1.6888,1.6902,1.6913,1.6923,1.6931,1.6936,1.6939,1.6941
0.86583,0.883,0.89992,0.91661,0.93307,0.94929,0.96528,0.98105,0.9966,1.0119,1.027,1.042,1.0566,1.0711,1.0854,1.0995,1.1134,1.1271,1.1406,1.1539,1.167,1.1799,1.1926,1.2052,1.2176,1.2298,1.2418,1.2537,1.2653,1.2768,1.2882,1.2993,1.3104,1.3212,1.3319,1.3424,1.3527,1.3629,1.373,1.3829,1.3926,1.4022,1.4116,1.4209,1.43,1.439,1.4478,1.4565,1.465,1.4734,1.4816,1.4897,1.4976,1.5054,1.513,1.5205,1.5279,1.5351,1.5422,1.5491,1.5559,1.5625,1.569,1.5753,1.5815,1.5875,1.5934,1.5992,1.6048,1.6102,1.6155,1.6207,1.6257,1.6305,1.6352,1.6397,1.6441,1.6483,1.6524,1.6563,1.66,1.6635,1.6669,1.6702,1.6732,1.6761,1.6788,1.6813,1.6836,1.6858,1.6877,1.6895,1.6911,1.6925,1.6936,1.6946,1.6954,1.6959,1.6963,1.6964
0.86666,0.88384,0.90079,0.91749,0.93396,0.9502,0.96622,0.982,0.99757,1.0129,1.0281,1.043,1.0577,1.0722,1.0865,1.1006,1.1145,1.1282,1.1417,1.155,1.1682,1.1811,1.1939,1.2064,1.2188,1.2311,1.2431,1.255,1.2667,1.2782,1.2895,1.3007,1.3118,1.3226,1.3333,1.3439,1.3542,1.3644,1.3745,1.3844,1.3942,1.4038,1.4132,1.4225,1.4316,1.4406,1.4494,1.4581,1.4667,1.4751,1.4833,1.4914,1.4994,1.5072,1.5148,1.5224,1.5297,1.537,1.544,1.551,1.5578,1.5644,1.5709,1.5773,1.5835,1.5895,1.5954,1.6012,1.6068,1.6123,1.6176,1.6227,1.6277,1.6326,1.6373,1.6418,1.6462,1.6504,1.6545,1.6584,1.6621,1.6657,1.6691,1.6723,1.6754,1.6783,1.681,1.6835,1.6859,1.688,1.69,1.6918,1.6933,1.6947,1.6959,1.6969,1.6976,1.6982,1.6985,1.6986
0.86747,0.88467,0.90163,0.91835,0.93484,0.95109,0.96712,0.98293,0.99851,1.0139,1.029,1.044,1.0587,1.0732,1.0875,1.1016,1.1156,1.1293,1.1428,1.1562,1.1693,1.1823,1.195,1.2076,1.2201,1.2323,1.2444,1.2562,1.268,1.2795,1.2909,1.3021,1.3131,1.324,1.3347,1.3453,1.3557,1.3659,1.376,1.3859,1.3957,1.4053,1.4147,1.424,1.4332,1.4422,1.4511,1.4598,1.4683,1.4767,1.485,1.4931,1.5011,1.5089,1.5166,1.5241,1.5315,1.5388,1.5459,1.5528,1.5596,1.5663,1.5728,1.5791,1.5854,1.5914,1.5974,1.6031,1.6088,1.6142,1.6196,1.6247,1.6298,1.6346,1.6393,1.6439,1.6483,1.6525,1.6566,1.6605,1.6642,1.6678,1.6712,1.6745,1.6775,1.6804,1.6831,1.6857,1.688,1.6902,1.6921,1.6939,1.6955,1.6969,1.6981,1.6991,1.6998,1.7004,1.7007,1.7008
0.86824,0.88546,0.90243,0.91917,0.93567,0.95195,0.96799,0.98381,0.99941,1.0148,1.03,1.0449,1.0597,1.0742,1.0885,1.1027,1.1166,1.1303,1.1439,1.1572,1.1704,1.1834,1.1962,1.2088,1.2212,1.2335,1.2456,1.2575,1.2692,1.2808,1.2922,1.3034,1.3144,1.3253,1.3361,1.3466,1.357,1.3673,1.3774,1.3873,1.3971,1.4067,1.4162,1.4255,1.4347,1.4437,1.4526,1.4613,1.4699,1.4783,1.4866,1.4948,1.5027,1.5106,1.5183,1.5258,1.5332,1.5405,1.5476,1.5546,1.5614,1.5681,1.5746,1.581,1.5872,1.5933,1.5992,1.605,1.6106,1.6161,1.6215,1.6267,1.6317,1.6366,1.6413,1.6458,1.6503,1.6545,1.6586,1.6625,1.6663,1.6698,1.6733,1.6765,1.6796,1.6825,1.6852,1.6877,1.6901,1.6923,1.6942,1.696,1.6976,1.699,1.7002,1.7012,1.7019,1.7025,1.7028,1.7029
0.86899,0.88622,0.90322,0.91997,0.93649,0.95278,0.96884,0.98467,1.0003,1.0157,1.0309,1.0458,1.0606,1.0752,1.0895,1.1037,1.1176,1.1314,1.1449,1.1583,1.1715,1.1845,1.1973,1.2099,1.2224,1.2346,1.2467,1.2587,1.2704,1.282,1.2934,1.3046,1.3157,1.3266,1.3374,1.348,1.3584,1.3687,1.3788,1.3887,1.3985,1.4082,1.4177,1.427,1.4362,1.4452,1.4541,1.4629,1.4714,1.4799,1.4882,1.4963,1.5043,1.5122,1.5199,1.5275,1.5349,1.5422,1.5493,1.5563,1.5631,1.5698,1.5763,1.5827,1.589,1.5951,1.601,1.6068,1.6125,1.618,1.6233,1.6285,1.6336,1.6384,1.6432,1.6478,1.6522,1.6564,1.6605,1.6644,1.6682,1.6718,1.6752,1.6785,1.6816,1.6845,1.6872,1.6897,1.6921,1.6943,1.6963,1.698,1.6996,1.701,1.7022,1.7032,1.704,1.7045,1.7049,1.705
0.86972,0.88697,0.90398,0.92074,0.93728,0.95358,0.96966,0.98551,1.0011,1.0166,1.0318,1.0467,1.0615,1.0761,1.0905,1.1046,1.1186,1.1324,1.1459,1.1593,1.1725,1.1855,1.1984,1.211,1.2235,1.2358,1.2479,1.2598,1.2716,1.2832,1.2946,1.3059,1.3169,1.3279,1.3386,1.3492,1.3597,1.37,1.3801,1.3901,1.3999,1.4096,1.4191,1.4284,1.4376,1.4467,1.4556,1.4643,1.4729,1.4814,1.4897,1.4979,1.5059,1.5138,1.5215,1.5291,1.5365,1.5438,1.5509,1.5579,1.5648,1.5715,1.578,1.5844,1.5907,1.5968,1.6028,1.6086,1.6142,1.6198,1.6251,1.6303,1.6354,1.6403,1.645,1.6496,1.654,1.6583,1.6624,1.6663,1.6701,1.6737,1.6771,1.6804,1.6835,1.6864,1.6891,1.6917,1.6941,1.6962,1.6982,1.7,1.7016,1.703,1.7042,1.7052,1.7059,1.7065,1.7068,1.707
0.87043,0.88769,0.90471,0.9215,0.93805,0.95436,0.97045,0.98632,1.002,1.0174,1.0326,1.0476,1.0624,1.077,1.0914,1.1056,1.1195,1.1333,1.1469,1.1603,1.1735,1.1866,1.1994,1.2121,1.2245,1.2369,1.249,1.2609,1.2727,1.2843,1.2958,1.307,1.3181,1.3291,1.3399,1.3505,1.361,1.3713,1.3814,1.3914,1.4012,1.4109,1.4204,1.4298,1.439,1.4481,1.457,1.4658,1.4744,1.4829,1.4912,1.4994,1.5074,1.5153,1.523,1.5306,1.5381,1.5454,1.5525,1.5595,1.5664,1.5731,1.5797,1.5861,1.5924,1.5985,1.6045,1.6103,1.616,1.6215,1.6269,1.6321,1.6371,1.6421,1.6468,1.6514,1.6558,1.6601,1.6642,1.6682,1.672,1.6756,1.679,1.6823,1.6854,1.6883,1.691,1.6936,1.6959,1.6981,1.7001,1.7019,1.7035,1.7049,1.7061,1.7071,1.7079,1.7084,1.7088,1.7089
0.87112,0.8884,0.90543,0.92223,0.93879,0.95512,0.97123,0.98711,1.0028,1.0182,1.0334,1.0485,1.0633,1.0779,1.0923,1.1065,1.1205,1.1343,1.1479,1.1613,1.1745,1.1876,1.2004,1.2131,1.2256,1.2379,1.2501,1.262,1.2738,1.2854,1.2969,1.3082,1.3193,1.3303,1.3411,1.3517,1.3622,1.3725,1.3827,1.3927,1.4025,1.4122,1.4217,1.4311,1.4404,1.4494,1.4584,1.4672,1.4758,1.4843,1.4926,1.5008,1.5089,1.5168,1.5245,1.5321,1.5396,1.5469,1.5541,1.5611,1.568,1.5747,1.5813,1.5877,1.594,1.6001,1.6061,1.612,1.6176,1.6232,1.6286,1.6338,1.6389,1.6438,1.6485,1.6532,1.6576,1.6619,1.666,1.67,1.6737,1.6774,1.6808,1.6841,1.6872,1.6901,1.6929,1.6954,1.6978,1.7,1.702,1.7038,1.7054,1.7068,1.708,1.709,1.7097,1.7103,1.7106,1.7108
0.87179,0.88908,0.90613,0.92294,0.93952,0.95586,0.97198,0.98788,1.0036,1.019,1.0343,1.0493,1.0641,1.0787,1.0931,1.1073,1.1214,1.1352,1.1488,1.1622,1.1755,1.1885,1.2014,1.2141,1.2266,1.2389,1.2511,1.2631,1.2749,1.2865,1.298,1.3093,1.3205,1.3314,1.3422,1.3529,1.3634,1.3737,1.3839,1.3939,1.4038,1.4135,1.423,1.4324,1.4417,1.4508,1.4597,1.4685,1.4772,1.4857,1.494,1.5022,1.5103,1.5182,1.526,1.5336,1.5411,1.5484,1.5556,1.5626,1.5695,1.5762,1.5828,1.5893,1.5956,1.6017,1.6077,1.6136,1.6193,1.6248,1.6302,1.6355,1.6405,1.6455,1.6502,1.6549,1.6593,1.6636,1.6677,1.6717,1.6755,1.6791,1.6826,1.6859,1.689,1.6919,1.6946,1.6972,1.6996,1.7018,1.7038,1.7056,1.7072,1.7086,1.7098,1.7108,1.7116,1.7121,1.7125,1.7126
0.87245,0.88975,0.90681,0.92363,0.94022,0.95658,0.97272,0.98863,1.0043,1.0198,1.035,1.0501,1.0649,1.0796,1.094,1.1082,1.1222,1.1361,1.1497,1.1631,1.1764,1.1895,1.2024,1.2151,1.2276,1.2399,1.2521,1.2641,1.2759,1.2876,1.2991,1.3104,1.3216,1.3325,1.3434,1.354,1.3645,1.3749,1.3851,1.3951,1.405,1.4147,1.4243,1.4337,1.443,1.4521,1.461,1.4698,1.4785,1.487,1.4954,1.5036,1.5117,1.5196,1.5274,1.535,1.5425,1.5499,1.557,1.5641,1.571,1.5777,1.5844,1.5908,1.5971,1.6033,1.6093,1.6151,1.6209,1.6264,1.6318,1.6371,1.6422,1.6471,1.6519,1.6565,1.661,1.6653,1.6694,1.6734,1.6772,1.6808,1.6843,1.6876,1.6907,1.6936,1.6964,1.699,1.7013,1.7035,1.7055,1.7073,1.709,1.7104,1.7116,1.7126,1.7133,1.7139,1.7142,1.7144
0.87308,0.89039,0.90747,0.9243,0.94091,0.95728,0.97343,0.98935,1.005,1.0205,1.0358,1.0509,1.0657,1.0804,1.0948,1.109,1.1231,1.1369,1.1506,1.164,1.1773,1.1904,1.2033,1.216,1.2286,1.2409,1.2531,1.2651,1.277,1.2886,1.3001,1.3115,1.3226,1.3336,1.3445,1.3551,1.3657,1.376,1.3862,1.3963,1.4062,1.4159,1.4255,1.4349,1.4442,1.4533,1.4623,1.4711,1.4798,1.4883,1.4967,1.5049,1.513,1.521,1.5288,1.5364,1.5439,1.5513,1.5585,1.5655,1.5724,1.5792,1.5858,1.5923,1.5986,1.6048,1.6108,1.6167,1.6224,1.628,1.6334,1.6386,1.6437,1.6487,1.6535,1.6581,1.6626,1.6669,1.671,1.675,1.6788,1.6825,1.6859,1.6892,1.6924,1.6953,1.6981,1.7006,1.703,1.7052,1.7072,1.709,1.7107,1.7121,1.7133,1.7143,1.7151,1.7156,1.716,1.7161
0.87369,0.89101,0.9081,0.92495,0.94157,0.95795,0.97411,0.99005,1.0058,1.0213,1.0365,1.0516,1.0665,1.0811,1.0956,1.1098,1.1239,1.1377,1.1514,1.1649,1.1782,1.1913,1.2042,1.2169,1.2295,1.2419,1.2541,1.2661,1.2779,1.2896,1.3011,1.3125,1.3237,1.3347,1.3455,1.3562,1.3668,1.3771,1.3873,1.3974,1.4073,1.4171,1.4267,1.4361,1.4454,1.4545,1.4635,1.4724,1.481,1.4896,1.498,1.5062,1.5143,1.5223,1.5301,1.5377,1.5453,1.5526,1.5598,1.5669,1.5738,1.5806,1.5872,1.5937,1.6,1.6062,1.6123,1.6181,1.6239,1.6295,1.6349,1.6401,1.6453,1.6502,1.655,1.6597,1.6641,1.6685,1.6726,1.6766,1.6804,1.6841,1.6875,1.6908,1.694,1.6969,1.6997,1.7023,1.7047,1.7069,1.7089,1.7107,1.7123,1.7137,1.7149,1.7159,1.7167,1.7173,1.7176,1.7177
0.87428,0.89162,0.90872,0.92558,0.94221,0.95861,0.97478,0.99073,1.0065,1.022,1.0373,1.0523,1.0672,1.0819,1.0964,1.1106,1.1247,1.1386,1.1522,1.1657,1.179,1.1921,1.2051,1.2178,1.2304,1.2428,1.255,1.267,1.2789,1.2906,1.3021,1.3135,1.3247,1.3357,1.3466,1.3573,1.3678,1.3782,1.3884,1.3985,1.4084,1.4182,1.4278,1.4372,1.4465,1.4557,1.4647,1.4736,1.4823,1.4908,1.4992,1.5075,1.5156,1.5236,1.5314,1.539,1.5466,1.5539,1.5612,1.5683,1.5752,1.582,1.5886,1.5951,1.6014,1.6076,1.6137,1.6196,1.6253,1.6309,1.6363,1.6416,1.6467,1.6517,1.6565,1.6612,1.6656,1.67,1.6741,1.6781,1.682,1.6856,1.6891,1.6924,1.6955,1.6985,1.7013,1.7038,1.7062,1.7085,1.7105,1.7123,1.7139,1.7153,1.7165,1.7175,1.7183,1.7189,1.7192,1.7193
0.87486,0.89221,0.90932,0.92619,0.94283,0.95924,0.97542,0.99138,1.0071,1.0226,1.038,1.053,1.0679,1.0826,1.0971,1.1114,1.1255,1.1393,1.153,1.1665,1.1798,1.193,1.2059,1.2187,1.2313,1.2437,1.2559,1.2679,1.2798,1.2915,1.3031,1.3144,1.3256,1.3367,1.3476,1.3583,1.3688,1.3792,1.3895,1.3996,1.4095,1.4193,1.4289,1.4384,1.4477,1.4568,1.4659,1.4747,1.4834,1.492,1.5004,1.5087,1.5168,1.5248,1.5326,1.5403,1.5478,1.5552,1.5625,1.5696,1.5765,1.5833,1.59,1.5965,1.6028,1.609,1.6151,1.621,1.6267,1.6323,1.6378,1.643,1.6482,1.6531,1.658,1.6626,1.6671,1.6715,1.6756,1.6796,1.6835,1.6871,1.6906,1.6939,1.6971,1.7,1.7028,1.7054,1.7078,1.71,1.712,1.7138,1.7155,1.7169,1.7181,1.7191,1.7199,1.7204,1.7208,1.7209
0.87542,0.89278,0.9099,0.92678,0.94344,0.95986,0.97605,0.99203,1.0078,1.0233,1.0386,1.0537,1.0686,1.0833,1.0978,1.1121,1.1262,1.1401,1.1538,1.1673,1.1806,1.1938,1.2067,1.2195,1.2321,1.2445,1.2568,1.2688,1.2807,1.2924,1.304,1.3154,1.3266,1.3376,1.3485,1.3593,1.3698,1.3802,1.3905,1.4006,1.4105,1.4203,1.43,1.4394,1.4488,1.458,1.467,1.4759,1.4846,1.4932,1.5016,1.5099,1.518,1.526,1.5338,1.5415,1.5491,1.5565,1.5637,1.5708,1.5778,1.5846,1.5913,1.5978,1.6041,1.6103,1.6164,1.6223,1.6281,1.6337,1.6391,1.6444,1.6496,1.6546,1.6594,1.664,1.6685,1.6729,1.6771,1.6811,1.6849,1.6886,1.6921,1.6954,1.6985,1.7015,1.7043,1.7069,1.7093,1.7115,1.7135,1.7154,1.717,1.7184,1.7196,1.7206,1.7214,1.722,1.7223,1.7224
0.87596,0.89333,0.91047,0.92736,0.94402,0.96046,0.97666,0.99265,1.0084,1.024,1.0393,1.0544,1.0693,1.084,1.0985,1.1128,1.1269,1.1408,1.1546,1.1681,1.1814,1.1946,1.2075,1.2203,1.2329,1.2453,1.2576,1.2697,1.2816,1.2933,1.3049,1.3163,1.3275,1.3386,1.3495,1.3602,1.3708,1.3812,1.3915,1.4016,1.4116,1.4214,1.431,1.4405,1.4498,1.459,1.4681,1.477,1.4857,1.4943,1.5027,1.511,1.5192,1.5272,1.535,1.5427,1.5503,1.5577,1.5649,1.5721,1.579,1.5858,1.5925,1.599,1.6054,1.6116,1.6177,1.6236,1.6294,1.635,1.6405,1.6458,1.6509,1.6559,1.6607,1.6654,1.6699,1.6743,1.6785,1.6825,1.6863,1.69,1.6935,1.6968,1.7,1.7029,1.7057,1.7083,1.7107,1.713,1.715,1.7168,1.7184,1.7199,1.7211,1.7221,1.7229,1.7234,1.7238,1.7239
0.87649,0.89387,0.91102,0.92792,0.9446,0.96104,0.97726,0.99325,1.009,1.0246,1.0399,1.0551,1.07,1.0847,1.0992,1.1135,1.1276,1.1416,1.1553,1.1688,1.1822,1.1953,1.2083,1.2211,1.2337,1.2462,1.2584,1.2705,1.2824,1.2942,1.3058,1.3172,1.3284,1.3395,1.3504,1.3612,1.3718,1.3822,1.3925,1.4026,1.4126,1.4224,1.432,1.4415,1.4509,1.4601,1.4691,1.478,1.4868,1.4954,1.5038,1.5121,1.5203,1.5283,1.5362,1.5439,1.5514,1.5589,1.5661,1.5733,1.5802,1.5871,1.5937,1.6003,1.6067,1.6129,1.619,1.6249,1.6307,1.6363,1.6418,1.6471,1.6522,1.6572,1.6621,1.6668,1.6713,1.6756,1.6798,1.6838,1.6877,1.6914,1.6949,1.6982,1.7014,1.7043,1.7071,1.7097,1.7122,1.7144,1.7164,1.7182,1.7199,1.7213,1.7225,1.7235,1.7243,1.7249,1.7252,1.7253
0.877,0.8944,0.91155,0.92847,0.94515,0.96161,0.97784,0.99384,1.0096,1.0252,1.0405,1.0557,1.0706,1.0853,1.0999,1.1142,1.1283,1.1423,1.156,1.1695,1.1829,1.1961,1.2091,1.2219,1.2345,1.247,1.2592,1.2713,1.2833,1.295,1.3066,1.318,1.3293,1.3404,1.3513,1.3621,1.3727,1.3831,1.3934,1.4035,1.4135,1.4233,1.433,1.4425,1.4519,1.4611,1.4702,1.4791,1.4878,1.4964,1.5049,1.5132,1.5214,1.5294,1.5373,1.545,1.5526,1.56,1.5673,1.5744,1.5814,1.5882,1.5949,1.6015,1.6079,1.6141,1.6202,1.6261,1.6319,1.6376,1.643,1.6484,1.6535,1.6585,1.6634,1.6681,1.6726,1.6769,1.6811,1.6852,1.689,1.6927,1.6962,1.6996,1.7027,1.7057,1.7085,1.7111,1.7135,1.7158,1.7178,1.7196,1.7213,1.7227,1.7239,1.7249,1.7257,1.7263,1.7266,1.7267
0.8775,0.8949,0.91207,0.929,0.94569,0.96216,0.9784,0.99441,1.0102,1.0258,1.0411,1.0563,1.0712,1.086,1.1005,1.1149,1.129,1.1429,1.1567,1.1702,1.1836,1.1968,1.2098,1.2226,1.2353,1.2477,1.26,1.2721,1.2841,1.2958,1.3074,1.3189,1.3301,1.3412,1.3522,1.3629,1.3736,1.384,1.3943,1.4045,1.4144,1.4243,1.434,1.4435,1.4529,1.4621,1.4712,1.4801,1.4888,1.4975,1.5059,1.5143,1.5224,1.5305,1.5384,1.5461,1.5537,1.5611,1.5684,1.5756,1.5825,1.5894,1.5961,1.6026,1.609,1.6153,1.6214,1.6273,1.6331,1.6388,1.6443,1.6496,1.6548,1.6598,1.6646,1.6693,1.6739,1.6782,1.6824,1.6865,1.6903,1.694,1.6975,1.7009,1.704,1.707,1.7098,1.7124,1.7149,1.7171,1.7191,1.721,1.7226,1.724,1.7253,1.7263,1.7271,1.7276,1.728,1.7281
0.87798,0.8954,0.91257,0.92951,0.94621,0.96269,0.97894,0.99496,1.0108,1.0264,1.0417,1.0569,1.0718,1.0866,1.1011,1.1155,1.1296,1.1436,1.1574,1.1709,1.1843,1.1975,1.2105,1.2233,1.236,1.2485,1.2608,1.2729,1.2848,1.2966,1.3082,1.3197,1.3309,1.3421,1.353,1.3638,1.3744,1.3849,1.3952,1.4054,1.4153,1.4252,1.4349,1.4444,1.4538,1.463,1.4721,1.4811,1.4898,1.4985,1.5069,1.5153,1.5235,1.5315,1.5394,1.5471,1.5547,1.5622,1.5695,1.5766,1.5837,1.5905,1.5972,1.6038,1.6102,1.6164,1.6226,1.6285,1.6343,1.64,1.6454,1.6508,1.656,1.661,1.6659,1.6706,1.6751,1.6795,1.6837,1.6877,1.6916,1.6953,1.6988,1.7022,1.7053,1.7083,1.7111,1.7137,1.7162,1.7184,1.7204,1.7223,1.7239,1.7253,1.7266,1.7276,1.7284,1.7289,1.7293,1.7294
0.87845,0.89588,0.91306,0.93001,0.94672,0.96321,0.97947,0.9955,1.0113,1.0269,1.0423,1.0575,1.0724,1.0872,1.1018,1.1161,1.1303,1.1442,1.158,1.1716,1.185,1.1982,1.2112,1.224,1.2367,1.2492,1.2615,1.2736,1.2856,1.2974,1.309,1.3204,1.3317,1.3429,1.3538,1.3646,1.3753,1.3857,1.3961,1.4062,1.4162,1.4261,1.4358,1.4453,1.4547,1.464,1.4731,1.482,1.4908,1.4994,1.5079,1.5163,1.5245,1.5325,1.5404,1.5482,1.5558,1.5632,1.5706,1.5777,1.5847,1.5916,1.5983,1.6049,1.6113,1.6176,1.6237,1.6296,1.6354,1.6411,1.6466,1.6519,1.6571,1.6622,1.667,1.6717,1.6763,1.6807,1.6849,1.6889,1.6928,1.6965,1.7,1.7034,1.7066,1.7096,1.7124,1.715,1.7174,1.7197,1.7217,1.7235,1.7252,1.7266,1.7278,1.7289,1.7296,1.7302,1.7306,1.7307
0.87891,0.89634,0.91353,0.93049,0.94722,0.96371,0.97998,0.99602,1.0118,1.0275,1.0428,1.058,1.073,1.0878,1.1023,1.1167,1.1309,1.1448,1.1586,1.1722,1.1856,1.1988,1.2119,1.2247,1.2374,1.2499,1.2622,1.2743,1.2863,1.2981,1.3097,1.3212,1.3325,1.3436,1.3546,1.3654,1.3761,1.3866,1.3969,1.4071,1.4171,1.4269,1.4367,1.4462,1.4556,1.4649,1.474,1.4829,1.4917,1.5004,1.5089,1.5172,1.5254,1.5335,1.5414,1.5492,1.5568,1.5643,1.5716,1.5787,1.5858,1.5926,1.5994,1.6059,1.6124,1.6186,1.6248,1.6307,1.6366,1.6422,1.6477,1.6531,1.6583,1.6633,1.6682,1.6729,1.6774,1.6818,1.6861,1.6901,1.694,1.6977,1.7012,1.7046,1.7078,1.7108,1.7136,1.7162,1.7186,1.7209,1.7229,1.7248,1.7264,1.7278,1.7291,1.7301,1.7309,1.7315,1.7318,1.7319
